cutoff,horizon,actual,predicted
2014-03-06,1_day,34864.0,35865.57784278889
2014-03-06,7_day,268538.0,252399.51428216652
2014-03-06,30_day,1086698.0,1090603.5211385856
2014-03-06,90_day,3250775.0,3174720.363511659
2014-04-05,1_day,48790.0,43309.31709155336
2014-04-05,7_day,273473.0,254171.14619563153
2014-04-05,30_day,1118126.0,1057610.3636214386
2014-04-05,90_day,3282167.0,3232179.3840833395
2014-05-05,1_day,33611.0,32520.02444545505
2014-05-05,7_day,252884.0,253296.64967139895
2014-05-05,30_day,1045951.0,1087864.7626797692
2014-05-05,90_day,3292288.0,3370974.7359243967
2014-06-04,1_day,35655.0,33423.45612387759
2014-06-04,7_day,269296.0,260614.37272166138
2014-06-04,30_day,1118090.0,1122321.7898755958
2014-06-04,90_day,3370282.0,3376805.6049668523
2014-07-04,1_day,40782.0,44527.73664526828
2014-07-04,7_day,273001.0,266673.27478119347
2014-07-04,30_day,1128247.0,1133513.1179445218
2014-07-04,90_day,3331902.0,3369455.3487208057
2014-08-03,1_day,35799.0,35707.70309920337
2014-08-03,7_day,268648.0,264610.0220740322
2014-08-03,30_day,1123945.0,1128658.9735854939
2014-08-03,90_day,3282131.0,3323389.434566046
2014-09-02,1_day,37397.0,33200.634994202344
2014-09-02,7_day,266563.0,261258.24871513058
2014-09-02,30_day,1079710.0,1109500.6866273463
2014-09-02,90_day,3199320.0,3233789.481917369
2014-10-02,1_day,41836.0,37147.61089727287
2014-10-02,7_day,275189.0,255055.13768312812
2014-10-02,30_day,1078476.0,1072132.7305249332
2014-10-02,90_day,3098757.0,3096493.5961111635
2014-11-01,1_day,46072.0,41331.846469225995
2014-11-01,7_day,259676.0,248380.93052169186
2014-11-01,30_day,1041134.0,1027480.1482789346
2014-11-01,90_day,3052568.0,3048461.615171126
2014-12-01,1_day,30569.0,30767.01854048978
2014-12-01,7_day,251109.0,239944.3257540107
2014-12-01,30_day,979147.0,1009647.7955406379
2014-12-01,90_day,3139325.0,3110466.4211374978
2014-12-31,1_day,26452.0,25038.006510441974
2014-12-31,7_day,243355.0,226682.8868807656
2014-12-31,30_day,1032287.0,999686.8335274531
2014-12-31,90_day,3234719.0,3118702.5640993165
2015-01-30,1_day,50828.0,42615.303024956054
2015-01-30,7_day,269072.0,247305.58423170022
2015-01-30,30_day,1127891.0,1090676.4493478104
2015-01-30,90_day,3295861.0,3183115.996112234
2015-03-01,1_day,35398.0,35389.314304909
2015-03-01,7_day,261923.0,255562.266745606
2015-03-01,30_day,1074541.0,1073237.309504299
2015-03-01,90_day,3277521.0,3172893.7754000486
2015-03-31,1_day,35060.0,31013.129521580624
2015-03-31,7_day,273166.0,248695.76833667443
2015-03-31,30_day,1093429.0,1045558.3025594332
2015-03-31,90_day,3369863.0,3176854.674593248
2015-04-30,1_day,40976.0,34682.18204122293
2015-04-30,7_day,279005.0,243503.81838295795
2015-04-30,30_day,1109551.0,1061006.2604961859
2015-04-30,90_day,3465695.0,3245720.9159962283
2015-05-30,1_day,43463.0,42704.90953427684
2015-05-30,7_day,279849.0,258145.03226050222
2015-05-30,30_day,1166883.0,1127018.8906927526
2015-05-30,90_day,3555912.0,3357668.919051657
2015-06-29,1_day,32179.0,33436.869747159784
2015-06-29,7_day,288813.0,258977.3998599305
2015-06-29,30_day,1189261.0,1116358.2712199318
2015-06-29,90_day,3611433.0,3391337.7368698623
2015-07-29,1_day,33587.0,33104.7397358687
2015-07-29,7_day,296950.0,266040.2862626864
2015-07-29,30_day,1199768.0,1162727.330341251
2015-07-29,90_day,3619000.0,3454766.1621410693
2015-08-28,1_day,45236.0,45800.898594674356
2015-08-28,7_day,283072.0,273017.4390883217
2015-08-28,30_day,1222404.0,1180106.0321620682
2015-08-28,90_day,3549373.0,3396380.3334086407
2015-09-27,1_day,34262.0,37509.070044610766
2015-09-27,7_day,285782.0,275008.820807333
2015-09-27,30_day,1196828.0,1152421.3434190801
2015-09-27,90_day,3410375.0,3365401.537499725
2015-10-27,1_day,31267.0,33292.533440560255
2015-10-27,7_day,269204.0,268399.4803894743
2015-10-27,30_day,1130141.0,1132015.7471005411
2015-10-27,90_day,3371419.0,3380697.9206191655
2015-11-26,1_day,27581.0,36218.06867675373
2015-11-26,7_day,238170.0,259934.0568805788
2015-11-26,30_day,1083406.0,1123628.2367971768
2015-11-26,90_day,3477715.0,3412412.149970607
2015-12-26,1_day,35378.0,42453.40358376068
2015-12-26,7_day,251809.0,252406.53681621965
2015-12-26,30_day,1157872.0,1117766.2682138258
2015-12-26,90_day,3641219.0,3445020.613723694
2016-01-25,1_day,30446.0,34506.49649308859
2016-01-25,7_day,273549.0,271537.64979624434
2016-01-25,30_day,1236437.0,1180615.662568859
2016-01-25,90_day,3767196.0,3564287.38575531
