date,sku_id,category,region,quantity_sold
2025-01-01,SKU001,Electronics,South,175
2025-02-01,SKU001,Electronics,South,201
2025-03-01,SKU001,Electronics,South,211
2025-04-01,SKU001,Electronics,South,229
2025-05-01,SKU001,Electronics,South,203
2025-06-01,SKU001,Electronics,South,209
2025-07-01,SKU001,Electronics,South,180
2025-08-01,SKU001,Electronics,South,191
2025-09-01,SKU001,Electronics,South,198
2025-10-01,SKU001,Electronics,South,182
2025-11-01,SKU001,Electronics,South,200
2025-12-01,SKU001,Electronics,South,209
2025-01-01,SKU002,Furniture,North,486
2025-02-01,SKU002,Furniture,North,522
2025-03-01,SKU002,Furniture,North,550
2025-04-01,SKU002,Furniture,North,564
2025-05-01,SKU002,Furniture,North,547
2025-06-01,SKU002,Furniture,North,581
2025-07-01,SKU002,Furniture,North,562
2025-08-01,SKU002,Furniture,North,516
2025-09-01,SKU002,Furniture,North,517
2025-10-01,SKU002,Furniture,North,515
2025-11-01,SKU002,Furniture,North,532
2025-12-01,SKU002,Furniture,North,546
2025-01-01,SKU003,Grocery,West,236
2025-02-01,SKU003,Grocery,West,290
2025-03-01,SKU003,Grocery,West,287
2025-04-01,SKU003,Grocery,West,300
2025-05-01,SKU003,Grocery,West,303
2025-06-01,SKU003,Grocery,West,303
2025-07-01,SKU003,Grocery,West,281
2025-08-01,SKU003,Grocery,West,275
2025-09-01,SKU003,Grocery,West,270
2025-10-01,SKU003,Grocery,West,278
2025-11-01,SKU003,Grocery,West,277
2025-12-01,SKU003,Grocery,West,294
2025-01-01,SKU004,Clothing,East,458
2025-02-01,SKU004,Clothing,East,520
2025-03-01,SKU004,Clothing,East,525
2025-04-01,SKU004,Clothing,East,529
2025-05-01,SKU004,Clothing,East,556
2025-06-01,SKU004,Clothing,East,522
2025-07-01,SKU004,Clothing,East,523
2025-08-01,SKU004,Clothing,East,480
2025-09-01,SKU004,Clothing,East,477
2025-10-01,SKU004,Clothing,East,496
2025-11-01,SKU004,Clothing,East,519
2025-12-01,SKU004,Clothing,East,541
2025-01-01,SKU005,Home,South,301
2025-02-01,SKU005,Home,South,315
2025-03-01,SKU005,Home,South,338
2025-04-01,SKU005,Home,South,351
2025-05-01,SKU005,Home,South,373
2025-06-01,SKU005,Home,South,352
2025-07-01,SKU005,Home,South,330
2025-08-01,SKU005,Home,South,323
2025-09-01,SKU005,Home,South,300
2025-10-01,SKU005,Home,South,300
2025-11-01,SKU005,Home,South,300
2025-12-01,SKU005,Home,South,324
2025-01-01,SKU006,Electronics,North,227
2025-02-01,SKU006,Electronics,North,241
2025-03-01,SKU006,Electronics,North,233
2025-04-01,SKU006,Electronics,North,247
2025-05-01,SKU006,Electronics,North,256
2025-06-01,SKU006,Electronics,North,260
2025-07-01,SKU006,Electronics,North,235
2025-08-01,SKU006,Electronics,North,231
2025-09-01,SKU006,Electronics,North,215
2025-10-01,SKU006,Electronics,North,214
2025-11-01,SKU006,Electronics,North,245
2025-12-01,SKU006,Electronics,North,265
2025-01-01,SKU007,Furniture,West,102
2025-02-01,SKU007,Furniture,West,121
2025-03-01,SKU007,Furniture,West,141
2025-04-01,SKU007,Furniture,West,142
2025-05-01,SKU007,Furniture,West,152
2025-06-01,SKU007,Furniture,West,136
2025-07-01,SKU007,Furniture,West,168
2025-08-01,SKU007,Furniture,West,112
2025-09-01,SKU007,Furniture,West,116
2025-10-01,SKU007,Furniture,West,120
2025-11-01,SKU007,Furniture,West,108
2025-12-01,SKU007,Furniture,West,145
2025-01-01,SKU008,Grocery,East,166
2025-02-01,SKU008,Grocery,East,193
2025-03-01,SKU008,Grocery,East,208
2025-04-01,SKU008,Grocery,East,231
2025-05-01,SKU008,Grocery,East,225
2025-06-01,SKU008,Grocery,East,212
2025-07-01,SKU008,Grocery,East,200
2025-08-01,SKU008,Grocery,East,200
2025-09-01,SKU008,Grocery,East,178
2025-10-01,SKU008,Grocery,East,182
2025-11-01,SKU008,Grocery,East,174
2025-12-01,SKU008,Grocery,East,200
2025-01-01,SKU009,Clothing,South,420
2025-02-01,SKU009,Clothing,South,460
2025-03-01,SKU009,Clothing,South,465
2025-04-01,SKU009,Clothing,South,485
2025-05-01,SKU009,Clothing,South,487
2025-06-01,SKU009,Clothing,South,466
2025-07-01,SKU009,Clothing,South,473
2025-08-01,SKU009,Clothing,South,457
2025-09-01,SKU009,Clothing,South,444
2025-10-01,SKU009,Clothing,South,442
2025-11-01,SKU009,Clothing,South,442
2025-12-01,SKU009,Clothing,South,481
2025-01-01,SKU010,Home,North,375
2025-02-01,SKU010,Home,North,404
2025-03-01,SKU010,Home,North,430
2025-04-01,SKU010,Home,North,443
2025-05-01,SKU010,Home,North,428
2025-06-01,SKU010,Home,North,461
2025-07-01,SKU010,Home,North,432
2025-08-01,SKU010,Home,North,418
2025-09-01,SKU010,Home,North,419
2025-10-01,SKU010,Home,North,397
2025-11-01,SKU010,Home,North,414
2025-12-01,SKU010,Home,North,453
2025-01-01,SKU011,Electronics,West,155
2025-02-01,SKU011,Electronics,West,170
2025-03-01,SKU011,Electronics,West,196
2025-04-01,SKU011,Electronics,West,169
2025-05-01,SKU011,Electronics,West,192
2025-06-01,SKU011,Electronics,West,208
2025-07-01,SKU011,Electronics,West,203
2025-08-01,SKU011,Electronics,West,150
2025-09-01,SKU011,Electronics,West,160
2025-10-01,SKU011,Electronics,West,172
2025-11-01,SKU011,Electronics,West,160
2025-12-01,SKU011,Electronics,West,177
2025-01-01,SKU012,Furniture,East,390
2025-02-01,SKU012,Furniture,East,383
2025-03-01,SKU012,Furniture,East,429
2025-04-01,SKU012,Furniture,East,461
2025-05-01,SKU012,Furniture,East,426
2025-06-01,SKU012,Furniture,East,424
2025-07-01,SKU012,Furniture,East,419
2025-08-01,SKU012,Furniture,East,398
2025-09-01,SKU012,Furniture,East,377
2025-10-01,SKU012,Furniture,East,397
2025-11-01,SKU012,Furniture,East,396
2025-12-01,SKU012,Furniture,East,438
2025-01-01,SKU013,Grocery,South,501
2025-02-01,SKU013,Grocery,South,502
2025-03-01,SKU013,Grocery,South,566
2025-04-01,SKU013,Grocery,South,589
2025-05-01,SKU013,Grocery,South,572
2025-06-01,SKU013,Grocery,South,581
2025-07-01,SKU013,Grocery,South,578
2025-08-01,SKU013,Grocery,South,542
2025-09-01,SKU013,Grocery,South,518
2025-10-01,SKU013,Grocery,South,520
2025-11-01,SKU013,Grocery,South,544
2025-12-01,SKU013,Grocery,South,579
2025-01-01,SKU014,Clothing,North,444
2025-02-01,SKU014,Clothing,North,477
2025-03-01,SKU014,Clothing,North,489
2025-04-01,SKU014,Clothing,North,537
2025-05-01,SKU014,Clothing,North,541
2025-06-01,SKU014,Clothing,North,507
2025-07-01,SKU014,Clothing,North,509
2025-08-01,SKU014,Clothing,North,500
2025-09-01,SKU014,Clothing,North,477
2025-10-01,SKU014,Clothing,North,486
2025-11-01,SKU014,Clothing,North,493
2025-12-01,SKU014,Clothing,North,505
2025-01-01,SKU015,Home,West,391
2025-02-01,SKU015,Home,West,416
2025-03-01,SKU015,Home,West,424
2025-04-01,SKU015,Home,West,453
2025-05-01,SKU015,Home,West,473
2025-06-01,SKU015,Home,West,440
2025-07-01,SKU015,Home,West,424
2025-08-01,SKU015,Home,West,435
2025-09-01,SKU015,Home,West,420
2025-10-01,SKU015,Home,West,450
2025-11-01,SKU015,Home,West,411
2025-12-01,SKU015,Home,West,459
2025-01-01,SKU016,Electronics,East,236
2025-02-01,SKU016,Electronics,East,258
2025-03-01,SKU016,Electronics,East,271
2025-04-01,SKU016,Electronics,East,286
2025-05-01,SKU016,Electronics,East,278
2025-06-01,SKU016,Electronics,East,291
2025-07-01,SKU016,Electronics,East,262
2025-08-01,SKU016,Electronics,East,289
2025-09-01,SKU016,Electronics,East,259
2025-10-01,SKU016,Electronics,East,241
2025-11-01,SKU016,Electronics,East,247
2025-12-01,SKU016,Electronics,East,280
2025-01-01,SKU017,Furniture,South,278
2025-02-01,SKU017,Furniture,South,317
2025-03-01,SKU017,Furniture,South,342
2025-04-01,SKU017,Furniture,South,355
2025-05-01,SKU017,Furniture,South,349
2025-06-01,SKU017,Furniture,South,349
2025-07-01,SKU017,Furniture,South,360
2025-08-01,SKU017,Furniture,South,342
2025-09-01,SKU017,Furniture,South,305
2025-10-01,SKU017,Furniture,South,310
2025-11-01,SKU017,Furniture,South,326
2025-12-01,SKU017,Furniture,South,326
2025-01-01,SKU018,Grocery,North,106
2025-02-01,SKU018,Grocery,North,105
2025-03-01,SKU018,Grocery,North,117
2025-04-01,SKU018,Grocery,North,134
2025-05-01,SKU018,Grocery,North,117
2025-06-01,SKU018,Grocery,North,102
2025-07-01,SKU018,Grocery,North,121
2025-08-01,SKU018,Grocery,North,106
2025-09-01,SKU018,Grocery,North,113
2025-10-01,SKU018,Grocery,North,116
2025-11-01,SKU018,Grocery,North,95
2025-12-01,SKU018,Grocery,North,129
2025-01-01,SKU019,Clothing,West,255
2025-02-01,SKU019,Clothing,West,273
2025-03-01,SKU019,Clothing,West,288
2025-04-01,SKU019,Clothing,West,337
2025-05-01,SKU019,Clothing,West,299
2025-06-01,SKU019,Clothing,West,301
2025-07-01,SKU019,Clothing,West,290
2025-08-01,SKU019,Clothing,West,277
2025-09-01,SKU019,Clothing,West,260
2025-10-01,SKU019,Clothing,West,274
2025-11-01,SKU019,Clothing,West,264
2025-12-01,SKU019,Clothing,West,286
2025-01-01,SKU020,Home,East,280
2025-02-01,SKU020,Home,East,329
2025-03-01,SKU020,Home,East,334
2025-04-01,SKU020,Home,East,344
2025-05-01,SKU020,Home,East,349
2025-06-01,SKU020,Home,East,317
2025-07-01,SKU020,Home,East,341
2025-08-01,SKU020,Home,East,312
2025-09-01,SKU020,Home,East,326
2025-10-01,SKU020,Home,East,310
2025-11-01,SKU020,Home,East,318
2025-12-01,SKU020,Home,East,325
2025-01-01,SKU021,Electronics,South,450
2025-02-01,SKU021,Electronics,South,475
2025-03-01,SKU021,Electronics,South,491
2025-04-01,SKU021,Electronics,South,511
2025-05-01,SKU021,Electronics,South,522
2025-06-01,SKU021,Electronics,South,494
2025-07-01,SKU021,Electronics,South,481
2025-08-01,SKU021,Electronics,South,450
2025-09-01,SKU021,Electronics,South,451
2025-10-01,SKU021,Electronics,South,481
2025-11-01,SKU021,Electronics,South,472
2025-12-01,SKU021,Electronics,South,499
2025-01-01,SKU022,Furniture,North,365
2025-02-01,SKU022,Furniture,North,393
2025-03-01,SKU022,Furniture,North,420
2025-04-01,SKU022,Furniture,North,457
2025-05-01,SKU022,Furniture,North,424
2025-06-01,SKU022,Furniture,North,449
2025-07-01,SKU022,Furniture,North,399
2025-08-01,SKU022,Furniture,North,402
2025-09-01,SKU022,Furniture,North,387
2025-10-01,SKU022,Furniture,North,382
2025-11-01,SKU022,Furniture,North,413
2025-12-01,SKU022,Furniture,North,435
2025-01-01,SKU023,Grocery,West,176
2025-02-01,SKU023,Grocery,West,177
2025-03-01,SKU023,Grocery,West,222
2025-04-01,SKU023,Grocery,West,192
2025-05-01,SKU023,Grocery,West,205
2025-06-01,SKU023,Grocery,West,208
2025-07-01,SKU023,Grocery,West,218
2025-08-01,SKU023,Grocery,West,177
2025-09-01,SKU023,Grocery,West,204
2025-10-01,SKU023,Grocery,West,190
2025-11-01,SKU023,Grocery,West,184
2025-12-01,SKU023,Grocery,West,213
2025-01-01,SKU024,Clothing,East,363
2025-02-01,SKU024,Clothing,East,396
2025-03-01,SKU024,Clothing,East,413
2025-04-01,SKU024,Clothing,East,431
2025-05-01,SKU024,Clothing,East,409
2025-06-01,SKU024,Clothing,East,417
2025-07-01,SKU024,Clothing,East,408
2025-08-01,SKU024,Clothing,East,394
2025-09-01,SKU024,Clothing,East,394
2025-10-01,SKU024,Clothing,East,387
2025-11-01,SKU024,Clothing,East,380
2025-12-01,SKU024,Clothing,East,423
2025-01-01,SKU025,Home,South,358
2025-02-01,SKU025,Home,South,392
2025-03-01,SKU025,Home,South,422
2025-04-01,SKU025,Home,South,419
2025-05-01,SKU025,Home,South,420
2025-06-01,SKU025,Home,South,416
2025-07-01,SKU025,Home,South,419
2025-08-01,SKU025,Home,South,412
2025-09-01,SKU025,Home,South,390
2025-10-01,SKU025,Home,South,394
2025-11-01,SKU025,Home,South,391
2025-12-01,SKU025,Home,South,432
2025-01-01,SKU026,Electronics,North,493
2025-02-01,SKU026,Electronics,North,484
2025-03-01,SKU026,Electronics,North,554
2025-04-01,SKU026,Electronics,North,558
2025-05-01,SKU026,Electronics,North,551
2025-06-01,SKU026,Electronics,North,540
2025-07-01,SKU026,Electronics,North,542
2025-08-01,SKU026,Electronics,North,515
2025-09-01,SKU026,Electronics,North,483
2025-10-01,SKU026,Electronics,North,507
2025-11-01,SKU026,Electronics,North,532
2025-12-01,SKU026,Electronics,North,559
2025-01-01,SKU027,Furniture,West,450
2025-02-01,SKU027,Furniture,West,465
2025-03-01,SKU027,Furniture,West,499
2025-04-01,SKU027,Furniture,West,502
2025-05-01,SKU027,Furniture,West,513
2025-06-01,SKU027,Furniture,West,500
2025-07-01,SKU027,Furniture,West,487
2025-08-01,SKU027,Furniture,West,477
2025-09-01,SKU027,Furniture,West,450
2025-10-01,SKU027,Furniture,West,486
2025-11-01,SKU027,Furniture,West,464
2025-12-01,SKU027,Furniture,West,488
2025-01-01,SKU028,Grocery,East,454
2025-02-01,SKU028,Grocery,East,494
2025-03-01,SKU028,Grocery,East,521
2025-04-01,SKU028,Grocery,East,554
2025-05-01,SKU028,Grocery,East,548
2025-06-01,SKU028,Grocery,East,535
2025-07-01,SKU028,Grocery,East,514
2025-08-01,SKU028,Grocery,East,497
2025-09-01,SKU028,Grocery,East,468
2025-10-01,SKU028,Grocery,East,482
2025-11-01,SKU028,Grocery,East,513
2025-12-01,SKU028,Grocery,East,528
2025-01-01,SKU029,Clothing,South,287
2025-02-01,SKU029,Clothing,South,287
2025-03-01,SKU029,Clothing,South,301
2025-04-01,SKU029,Clothing,South,335
2025-05-01,SKU029,Clothing,South,296
2025-06-01,SKU029,Clothing,South,334
2025-07-01,SKU029,Clothing,South,302
2025-08-01,SKU029,Clothing,South,296
2025-09-01,SKU029,Clothing,South,281
2025-10-01,SKU029,Clothing,South,289
2025-11-01,SKU029,Clothing,South,314
2025-12-01,SKU029,Clothing,South,326
2025-01-01,SKU030,Home,North,426
2025-02-01,SKU030,Home,North,462
2025-03-01,SKU030,Home,North,491
2025-04-01,SKU030,Home,North,493
2025-05-01,SKU030,Home,North,504
2025-06-01,SKU030,Home,North,493
2025-07-01,SKU030,Home,North,479
2025-08-01,SKU030,Home,North,453
2025-09-01,SKU030,Home,North,453
2025-10-01,SKU030,Home,North,459
2025-11-01,SKU030,Home,North,485
2025-12-01,SKU030,Home,North,506
2025-01-01,SKU031,Electronics,West,511
2025-02-01,SKU031,Electronics,West,521
2025-03-01,SKU031,Electronics,West,557
2025-04-01,SKU031,Electronics,West,569
2025-05-01,SKU031,Electronics,West,576
2025-06-01,SKU031,Electronics,West,562
2025-07-01,SKU031,Electronics,West,559
2025-08-01,SKU031,Electronics,West,523
2025-09-01,SKU031,Electronics,West,507
2025-10-01,SKU031,Electronics,West,518
2025-11-01,SKU031,Electronics,West,532
2025-12-01,SKU031,Electronics,West,556
2025-01-01,SKU032,Furniture,East,284
2025-02-01,SKU032,Furniture,East,333
2025-03-01,SKU032,Furniture,East,354
2025-04-01,SKU032,Furniture,East,370
2025-05-01,SKU032,Furniture,East,369
2025-06-01,SKU032,Furniture,East,372
2025-07-01,SKU032,Furniture,East,352
2025-08-01,SKU032,Furniture,East,331
2025-09-01,SKU032,Furniture,East,324
2025-10-01,SKU032,Furniture,East,323
2025-11-01,SKU032,Furniture,East,340
2025-12-01,SKU032,Furniture,East,343
2025-01-01,SKU033,Grocery,South,156
2025-02-01,SKU033,Grocery,South,148
2025-03-01,SKU033,Grocery,South,152
2025-04-01,SKU033,Grocery,South,167
2025-05-01,SKU033,Grocery,South,171
2025-06-01,SKU033,Grocery,South,187
2025-07-01,SKU033,Grocery,South,163
2025-08-01,SKU033,Grocery,South,156
2025-09-01,SKU033,Grocery,South,170
2025-10-01,SKU033,Grocery,South,158
2025-11-01,SKU033,Grocery,South,148
2025-12-01,SKU033,Grocery,South,181
2025-01-01,SKU034,Clothing,North,151
2025-02-01,SKU034,Clothing,North,174
2025-03-01,SKU034,Clothing,North,187
2025-04-01,SKU034,Clothing,North,197
2025-05-01,SKU034,Clothing,North,201
2025-06-01,SKU034,Clothing,North,176
2025-07-01,SKU034,Clothing,North,165
2025-08-01,SKU034,Clothing,North,193
2025-09-01,SKU034,Clothing,North,178
2025-10-01,SKU034,Clothing,North,165
2025-11-01,SKU034,Clothing,North,198
2025-12-01,SKU034,Clothing,North,191
2025-01-01,SKU035,Home,West,469
2025-02-01,SKU035,Home,West,484
2025-03-01,SKU035,Home,West,523
2025-04-01,SKU035,Home,West,550
2025-05-01,SKU035,Home,West,506
2025-06-01,SKU035,Home,West,521
2025-07-01,SKU035,Home,West,520
2025-08-01,SKU035,Home,West,511
2025-09-01,SKU035,Home,West,488
2025-10-01,SKU035,Home,West,487
2025-11-01,SKU035,Home,West,521
2025-12-01,SKU035,Home,West,546
2025-01-01,SKU036,Electronics,East,425
2025-02-01,SKU036,Electronics,East,442
2025-03-01,SKU036,Electronics,East,470
2025-04-01,SKU036,Electronics,East,457
2025-05-01,SKU036,Electronics,East,480
2025-06-01,SKU036,Electronics,East,494
2025-07-01,SKU036,Electronics,East,475
2025-08-01,SKU036,Electronics,East,452
2025-09-01,SKU036,Electronics,East,438
2025-10-01,SKU036,Electronics,East,449
2025-11-01,SKU036,Electronics,East,450
2025-12-01,SKU036,Electronics,East,460
2025-01-01,SKU037,Furniture,South,95
2025-02-01,SKU037,Furniture,South,135
2025-03-01,SKU037,Furniture,South,132
2025-04-01,SKU037,Furniture,South,115
2025-05-01,SKU037,Furniture,South,138
2025-06-01,SKU037,Furniture,South,106
2025-07-01,SKU037,Furniture,South,155
2025-08-01,SKU037,Furniture,South,109
2025-09-01,SKU037,Furniture,South,139
2025-10-01,SKU037,Furniture,South,110
2025-11-01,SKU037,Furniture,South,131
2025-12-01,SKU037,Furniture,South,120
2025-01-01,SKU038,Grocery,North,359
2025-02-01,SKU038,Grocery,North,397
2025-03-01,SKU038,Grocery,North,395
2025-04-01,SKU038,Grocery,North,426
2025-05-01,SKU038,Grocery,North,416
2025-06-01,SKU038,Grocery,North,406
2025-07-01,SKU038,Grocery,North,402
2025-08-01,SKU038,Grocery,North,377
2025-09-01,SKU038,Grocery,North,375
2025-10-01,SKU038,Grocery,North,368
2025-11-01,SKU038,Grocery,North,418
2025-12-01,SKU038,Grocery,North,418
2025-01-01,SKU039,Clothing,West,152
2025-02-01,SKU039,Clothing,West,152
2025-03-01,SKU039,Clothing,West,173
2025-04-01,SKU039,Clothing,West,201
2025-05-01,SKU039,Clothing,West,174
2025-06-01,SKU039,Clothing,West,163
2025-07-01,SKU039,Clothing,West,172
2025-08-01,SKU039,Clothing,West,155
2025-09-01,SKU039,Clothing,West,161
2025-10-01,SKU039,Clothing,West,165
2025-11-01,SKU039,Clothing,West,166
2025-12-01,SKU039,Clothing,West,177
2025-01-01,SKU040,Home,East,99
2025-02-01,SKU040,Home,East,88
2025-03-01,SKU040,Home,East,131
2025-04-01,SKU040,Home,East,113
2025-05-01,SKU040,Home,East,126
2025-06-01,SKU040,Home,East,135
2025-07-01,SKU040,Home,East,108
2025-08-01,SKU040,Home,East,117
2025-09-01,SKU040,Home,East,132
2025-10-01,SKU040,Home,East,84
2025-11-01,SKU040,Home,East,108
2025-12-01,SKU040,Home,East,113
2025-01-01,SKU041,Electronics,South,99
2025-02-01,SKU041,Electronics,South,102
2025-03-01,SKU041,Electronics,South,141
2025-04-01,SKU041,Electronics,South,135
2025-05-01,SKU041,Electronics,South,125
2025-06-01,SKU041,Electronics,South,141
2025-07-01,SKU041,Electronics,South,121
2025-08-01,SKU041,Electronics,South,106
2025-09-01,SKU041,Electronics,South,132
2025-10-01,SKU041,Electronics,South,120
2025-11-01,SKU041,Electronics,South,105
2025-12-01,SKU041,Electronics,South,122
2025-01-01,SKU042,Furniture,North,197
2025-02-01,SKU042,Furniture,North,177
2025-03-01,SKU042,Furniture,North,180
2025-04-01,SKU042,Furniture,North,221
2025-05-01,SKU042,Furniture,North,212
2025-06-01,SKU042,Furniture,North,209
2025-07-01,SKU042,Furniture,North,197
2025-08-01,SKU042,Furniture,North,192
2025-09-01,SKU042,Furniture,North,185
2025-10-01,SKU042,Furniture,North,184
2025-11-01,SKU042,Furniture,North,193
2025-12-01,SKU042,Furniture,North,204
2025-01-01,SKU043,Grocery,West,407
2025-02-01,SKU043,Grocery,West,427
2025-03-01,SKU043,Grocery,West,470
2025-04-01,SKU043,Grocery,West,462
2025-05-01,SKU043,Grocery,West,473
2025-06-01,SKU043,Grocery,West,469
2025-07-01,SKU043,Grocery,West,424
2025-08-01,SKU043,Grocery,West,461
2025-09-01,SKU043,Grocery,West,415
2025-10-01,SKU043,Grocery,West,428
2025-11-01,SKU043,Grocery,West,443
2025-12-01,SKU043,Grocery,West,450
2025-01-01,SKU044,Clothing,East,222
2025-02-01,SKU044,Clothing,East,224
2025-03-01,SKU044,Clothing,East,255
2025-04-01,SKU044,Clothing,East,235
2025-05-01,SKU044,Clothing,East,256
2025-06-01,SKU044,Clothing,East,238
2025-07-01,SKU044,Clothing,East,237
2025-08-01,SKU044,Clothing,East,238
2025-09-01,SKU044,Clothing,East,222
2025-10-01,SKU044,Clothing,East,228
2025-11-01,SKU044,Clothing,East,252
2025-12-01,SKU044,Clothing,East,247
2025-01-01,SKU045,Home,South,399
2025-02-01,SKU045,Home,South,416
2025-03-01,SKU045,Home,South,467
2025-04-01,SKU045,Home,South,472
2025-05-01,SKU045,Home,South,463
2025-06-01,SKU045,Home,South,480
2025-07-01,SKU045,Home,South,442
2025-08-01,SKU045,Home,South,418
2025-09-01,SKU045,Home,South,426
2025-10-01,SKU045,Home,South,429
2025-11-01,SKU045,Home,South,445
2025-12-01,SKU045,Home,South,472
2025-01-01,SKU046,Electronics,North,391
2025-02-01,SKU046,Electronics,North,419
2025-03-01,SKU046,Electronics,North,453
2025-04-01,SKU046,Electronics,North,473
2025-05-01,SKU046,Electronics,North,437
2025-06-01,SKU046,Electronics,North,461
2025-07-01,SKU046,Electronics,North,439
2025-08-01,SKU046,Electronics,North,439
2025-09-01,SKU046,Electronics,North,416
2025-10-01,SKU046,Electronics,North,435
2025-11-01,SKU046,Electronics,North,425
2025-12-01,SKU046,Electronics,North,431
2025-01-01,SKU047,Furniture,West,432
2025-02-01,SKU047,Furniture,West,483
2025-03-01,SKU047,Furniture,West,492
2025-04-01,SKU047,Furniture,West,501
2025-05-01,SKU047,Furniture,West,517
2025-06-01,SKU047,Furniture,West,472
2025-07-01,SKU047,Furniture,West,487
2025-08-01,SKU047,Furniture,West,477
2025-09-01,SKU047,Furniture,West,440
2025-10-01,SKU047,Furniture,West,473
2025-11-01,SKU047,Furniture,West,478
2025-12-01,SKU047,Furniture,West,496
2025-01-01,SKU048,Grocery,East,256
2025-02-01,SKU048,Grocery,East,252
2025-03-01,SKU048,Grocery,East,277
2025-04-01,SKU048,Grocery,East,287
2025-05-01,SKU048,Grocery,East,271
2025-06-01,SKU048,Grocery,East,277
2025-07-01,SKU048,Grocery,East,272
2025-08-01,SKU048,Grocery,East,245
2025-09-01,SKU048,Grocery,East,270
2025-10-01,SKU048,Grocery,East,250
2025-11-01,SKU048,Grocery,East,260
2025-12-01,SKU048,Grocery,East,262
2025-01-01,SKU049,Clothing,South,397
2025-02-01,SKU049,Clothing,South,404
2025-03-01,SKU049,Clothing,South,427
2025-04-01,SKU049,Clothing,South,439
2025-05-01,SKU049,Clothing,South,460
2025-06-01,SKU049,Clothing,South,453
2025-07-01,SKU049,Clothing,South,444
2025-08-01,SKU049,Clothing,South,426
2025-09-01,SKU049,Clothing,South,385
2025-10-01,SKU049,Clothing,South,409
2025-11-01,SKU049,Clothing,South,406
2025-12-01,SKU049,Clothing,South,437
2025-01-01,SKU050,Home,North,395
2025-02-01,SKU050,Home,North,430
2025-03-01,SKU050,Home,North,442
2025-04-01,SKU050,Home,North,470
2025-05-01,SKU050,Home,North,489
2025-06-01,SKU050,Home,North,475
2025-07-01,SKU050,Home,North,468
2025-08-01,SKU050,Home,North,432
2025-09-01,SKU050,Home,North,423
2025-10-01,SKU050,Home,North,437
2025-11-01,SKU050,Home,North,441
2025-12-01,SKU050,Home,North,490
2025-01-01,SKU051,Electronics,West,491
2025-02-01,SKU051,Electronics,West,499
2025-03-01,SKU051,Electronics,West,522
2025-04-01,SKU051,Electronics,West,549
2025-05-01,SKU051,Electronics,West,555
2025-06-01,SKU051,Electronics,West,558
2025-07-01,SKU051,Electronics,West,508
2025-08-01,SKU051,Electronics,West,530
2025-09-01,SKU051,Electronics,West,498
2025-10-01,SKU051,Electronics,West,496
2025-11-01,SKU051,Electronics,West,505
2025-12-01,SKU051,Electronics,West,527
2025-01-01,SKU052,Furniture,East,85
2025-02-01,SKU052,Furniture,East,78
2025-03-01,SKU052,Furniture,East,119
2025-04-01,SKU052,Furniture,East,131
2025-05-01,SKU052,Furniture,East,128
2025-06-01,SKU052,Furniture,East,102
2025-07-01,SKU052,Furniture,East,129
2025-08-01,SKU052,Furniture,East,104
2025-09-01,SKU052,Furniture,East,99
2025-10-01,SKU052,Furniture,East,102
2025-11-01,SKU052,Furniture,East,115
2025-12-01,SKU052,Furniture,East,103
2025-01-01,SKU053,Grocery,South,406
2025-02-01,SKU053,Grocery,South,444
2025-03-01,SKU053,Grocery,South,470
2025-04-01,SKU053,Grocery,South,487
2025-05-01,SKU053,Grocery,South,480
2025-06-01,SKU053,Grocery,South,482
2025-07-01,SKU053,Grocery,South,457
2025-08-01,SKU053,Grocery,South,459
2025-09-01,SKU053,Grocery,South,439
2025-10-01,SKU053,Grocery,South,444
2025-11-01,SKU053,Grocery,South,487
2025-12-01,SKU053,Grocery,South,469
2025-01-01,SKU054,Clothing,North,109
2025-02-01,SKU054,Clothing,North,92
2025-03-01,SKU054,Clothing,North,139
2025-04-01,SKU054,Clothing,North,136
2025-05-01,SKU054,Clothing,North,107
2025-06-01,SKU054,Clothing,North,69
2025-07-01,SKU054,Clothing,North,104
2025-08-01,SKU054,Clothing,North,108
2025-09-01,SKU054,Clothing,North,96
2025-10-01,SKU054,Clothing,North,100
2025-11-01,SKU054,Clothing,North,96
2025-12-01,SKU054,Clothing,North,123
2025-01-01,SKU055,Home,West,462
2025-02-01,SKU055,Home,West,478
2025-03-01,SKU055,Home,West,500
2025-04-01,SKU055,Home,West,531
2025-05-01,SKU055,Home,West,503
2025-06-01,SKU055,Home,West,518
2025-07-01,SKU055,Home,West,499
2025-08-01,SKU055,Home,West,465
2025-09-01,SKU055,Home,West,451
2025-10-01,SKU055,Home,West,485
2025-11-01,SKU055,Home,West,499
2025-12-01,SKU055,Home,West,518
2025-01-01,SKU056,Electronics,East,167
2025-02-01,SKU056,Electronics,East,180
2025-03-01,SKU056,Electronics,East,203
2025-04-01,SKU056,Electronics,East,188
2025-05-01,SKU056,Electronics,East,203
2025-06-01,SKU056,Electronics,East,201
2025-07-01,SKU056,Electronics,East,211
2025-08-01,SKU056,Electronics,East,173
2025-09-01,SKU056,Electronics,East,173
2025-10-01,SKU056,Electronics,East,170
2025-11-01,SKU056,Electronics,East,167
2025-12-01,SKU056,Electronics,East,219
2025-01-01,SKU057,Furniture,South,84
2025-02-01,SKU057,Furniture,South,96
2025-03-01,SKU057,Furniture,South,104
2025-04-01,SKU057,Furniture,South,88
2025-05-01,SKU057,Furniture,South,91
2025-06-01,SKU057,Furniture,South,92
2025-07-01,SKU057,Furniture,South,85
2025-08-01,SKU057,Furniture,South,100
2025-09-01,SKU057,Furniture,South,78
2025-10-01,SKU057,Furniture,South,101
2025-11-01,SKU057,Furniture,South,84
2025-12-01,SKU057,Furniture,South,100
2025-01-01,SKU058,Grocery,North,417
2025-02-01,SKU058,Grocery,North,454
2025-03-01,SKU058,Grocery,North,479
2025-04-01,SKU058,Grocery,North,491
2025-05-01,SKU058,Grocery,North,478
2025-06-01,SKU058,Grocery,North,485
2025-07-01,SKU058,Grocery,North,499
2025-08-01,SKU058,Grocery,North,423
2025-09-01,SKU058,Grocery,North,457
2025-10-01,SKU058,Grocery,North,460
2025-11-01,SKU058,Grocery,North,445
2025-12-01,SKU058,Grocery,North,482
2025-01-01,SKU059,Clothing,West,342
2025-02-01,SKU059,Clothing,West,384
2025-03-01,SKU059,Clothing,West,384
2025-04-01,SKU059,Clothing,West,423
2025-05-01,SKU059,Clothing,West,443
2025-06-01,SKU059,Clothing,West,421
2025-07-01,SKU059,Clothing,West,394
2025-08-01,SKU059,Clothing,West,393
2025-09-01,SKU059,Clothing,West,398
2025-10-01,SKU059,Clothing,West,398
2025-11-01,SKU059,Clothing,West,379
2025-12-01,SKU059,Clothing,West,420
2025-01-01,SKU060,Home,East,248
2025-02-01,SKU060,Home,East,284
2025-03-01,SKU060,Home,East,280
2025-04-01,SKU060,Home,East,311
2025-05-01,SKU060,Home,East,300
2025-06-01,SKU060,Home,East,290
2025-07-01,SKU060,Home,East,280
2025-08-01,SKU060,Home,East,287
2025-09-01,SKU060,Home,East,270
2025-10-01,SKU060,Home,East,273
2025-11-01,SKU060,Home,East,283
2025-12-01,SKU060,Home,East,294
2025-01-01,SKU061,Electronics,South,140
2025-02-01,SKU061,Electronics,South,146
2025-03-01,SKU061,Electronics,South,141
2025-04-01,SKU061,Electronics,South,165
2025-05-01,SKU061,Electronics,South,150
2025-06-01,SKU061,Electronics,South,156
2025-07-01,SKU061,Electronics,South,181
2025-08-01,SKU061,Electronics,South,144
2025-09-01,SKU061,Electronics,South,156
2025-10-01,SKU061,Electronics,South,134
2025-11-01,SKU061,Electronics,South,146
2025-12-01,SKU061,Electronics,South,177
2025-01-01,SKU062,Furniture,North,164
2025-02-01,SKU062,Furniture,North,191
2025-03-01,SKU062,Furniture,North,213
2025-04-01,SKU062,Furniture,North,220
2025-05-01,SKU062,Furniture,North,202
2025-06-01,SKU062,Furniture,North,223
2025-07-01,SKU062,Furniture,North,184
2025-08-01,SKU062,Furniture,North,212
2025-09-01,SKU062,Furniture,North,178
2025-10-01,SKU062,Furniture,North,192
2025-11-01,SKU062,Furniture,North,213
2025-12-01,SKU062,Furniture,North,214
2025-01-01,SKU063,Grocery,West,358
2025-02-01,SKU063,Grocery,West,376
2025-03-01,SKU063,Grocery,West,398
2025-04-01,SKU063,Grocery,West,416
2025-05-01,SKU063,Grocery,West,419
2025-06-01,SKU063,Grocery,West,409
2025-07-01,SKU063,Grocery,West,386
2025-08-01,SKU063,Grocery,West,367
2025-09-01,SKU063,Grocery,West,365
2025-10-01,SKU063,Grocery,West,358
2025-11-01,SKU063,Grocery,West,353
2025-12-01,SKU063,Grocery,West,394
2025-01-01,SKU064,Clothing,East,401
2025-02-01,SKU064,Clothing,East,456
2025-03-01,SKU064,Clothing,East,467
2025-04-01,SKU064,Clothing,East,491
2025-05-01,SKU064,Clothing,East,486
2025-06-01,SKU064,Clothing,East,479
2025-07-01,SKU064,Clothing,East,475
2025-08-01,SKU064,Clothing,East,442
2025-09-01,SKU064,Clothing,East,440
2025-10-01,SKU064,Clothing,East,434
2025-11-01,SKU064,Clothing,East,449
2025-12-01,SKU064,Clothing,East,476
2025-01-01,SKU065,Home,South,178
2025-02-01,SKU065,Home,South,202
2025-03-01,SKU065,Home,South,175
2025-04-01,SKU065,Home,South,191
2025-05-01,SKU065,Home,South,224
2025-06-01,SKU065,Home,South,208
2025-07-01,SKU065,Home,South,223
2025-08-01,SKU065,Home,South,198
2025-09-01,SKU065,Home,South,189
2025-10-01,SKU065,Home,South,209
2025-11-01,SKU065,Home,South,206
2025-12-01,SKU065,Home,South,203
2025-01-01,SKU066,Electronics,North,393
2025-02-01,SKU066,Electronics,North,417
2025-03-01,SKU066,Electronics,North,448
2025-04-01,SKU066,Electronics,North,453
2025-05-01,SKU066,Electronics,North,457
2025-06-01,SKU066,Electronics,North,444
2025-07-01,SKU066,Electronics,North,418
2025-08-01,SKU066,Electronics,North,429
2025-09-01,SKU066,Electronics,North,404
2025-10-01,SKU066,Electronics,North,412
2025-11-01,SKU066,Electronics,North,431
2025-12-01,SKU066,Electronics,North,427
2025-01-01,SKU067,Furniture,West,139
2025-02-01,SKU067,Furniture,West,151
2025-03-01,SKU067,Furniture,West,147
2025-04-01,SKU067,Furniture,West,157
2025-05-01,SKU067,Furniture,West,157
2025-06-01,SKU067,Furniture,West,157
2025-07-01,SKU067,Furniture,West,161
2025-08-01,SKU067,Furniture,West,159
2025-09-01,SKU067,Furniture,West,171
2025-10-01,SKU067,Furniture,West,141
2025-11-01,SKU067,Furniture,West,170
2025-12-01,SKU067,Furniture,West,164
2025-01-01,SKU068,Grocery,East,391
2025-02-01,SKU068,Grocery,East,411
2025-03-01,SKU068,Grocery,East,429
2025-04-01,SKU068,Grocery,East,436
2025-05-01,SKU068,Grocery,East,441
2025-06-01,SKU068,Grocery,East,447
2025-07-01,SKU068,Grocery,East,425
2025-08-01,SKU068,Grocery,East,407
2025-09-01,SKU068,Grocery,East,409
2025-10-01,SKU068,Grocery,East,411
2025-11-01,SKU068,Grocery,East,403
2025-12-01,SKU068,Grocery,East,448
2025-01-01,SKU069,Clothing,South,84
2025-02-01,SKU069,Clothing,South,80
2025-03-01,SKU069,Clothing,South,109
2025-04-01,SKU069,Clothing,South,115
2025-05-01,SKU069,Clothing,South,107
2025-06-01,SKU069,Clothing,South,97
2025-07-01,SKU069,Clothing,South,90
2025-08-01,SKU069,Clothing,South,87
2025-09-01,SKU069,Clothing,South,122
2025-10-01,SKU069,Clothing,South,105
2025-11-01,SKU069,Clothing,South,86
2025-12-01,SKU069,Clothing,South,104
2025-01-01,SKU070,Home,North,166
2025-02-01,SKU070,Home,North,188
2025-03-01,SKU070,Home,North,201
2025-04-01,SKU070,Home,North,214
2025-05-01,SKU070,Home,North,222
2025-06-01,SKU070,Home,North,210
2025-07-01,SKU070,Home,North,195
2025-08-01,SKU070,Home,North,211
2025-09-01,SKU070,Home,North,192
2025-10-01,SKU070,Home,North,197
2025-11-01,SKU070,Home,North,208
2025-12-01,SKU070,Home,North,214
2025-01-01,SKU071,Electronics,West,249
2025-02-01,SKU071,Electronics,West,276
2025-03-01,SKU071,Electronics,West,288
2025-04-01,SKU071,Electronics,West,312
2025-05-01,SKU071,Electronics,West,330
2025-06-01,SKU071,Electronics,West,288
2025-07-01,SKU071,Electronics,West,280
2025-08-01,SKU071,Electronics,West,289
2025-09-01,SKU071,Electronics,West,278
2025-10-01,SKU071,Electronics,West,293
2025-11-01,SKU071,Electronics,West,287
2025-12-01,SKU071,Electronics,West,291
2025-01-01,SKU072,Furniture,East,221
2025-02-01,SKU072,Furniture,East,249
2025-03-01,SKU072,Furniture,East,252
2025-04-01,SKU072,Furniture,East,260
2025-05-01,SKU072,Furniture,East,251
2025-06-01,SKU072,Furniture,East,252
2025-07-01,SKU072,Furniture,East,242
2025-08-01,SKU072,Furniture,East,252
2025-09-01,SKU072,Furniture,East,252
2025-10-01,SKU072,Furniture,East,239
2025-11-01,SKU072,Furniture,East,250
2025-12-01,SKU072,Furniture,East,260
2025-01-01,SKU073,Grocery,South,166
2025-02-01,SKU073,Grocery,South,177
2025-03-01,SKU073,Grocery,South,179
2025-04-01,SKU073,Grocery,South,188
2025-05-01,SKU073,Grocery,South,199
2025-06-01,SKU073,Grocery,South,168
2025-07-01,SKU073,Grocery,South,181
2025-08-01,SKU073,Grocery,South,175
2025-09-01,SKU073,Grocery,South,180
2025-10-01,SKU073,Grocery,South,155
2025-11-01,SKU073,Grocery,South,194
2025-12-01,SKU073,Grocery,South,189
2025-01-01,SKU074,Clothing,North,419
2025-02-01,SKU074,Clothing,North,431
2025-03-01,SKU074,Clothing,North,443
2025-04-01,SKU074,Clothing,North,467
2025-05-01,SKU074,Clothing,North,485
2025-06-01,SKU074,Clothing,North,476
2025-07-01,SKU074,Clothing,North,460
2025-08-01,SKU074,Clothing,North,431
2025-09-01,SKU074,Clothing,North,438
2025-10-01,SKU074,Clothing,North,442
2025-11-01,SKU074,Clothing,North,436
2025-12-01,SKU074,Clothing,North,469
2025-01-01,SKU075,Home,West,192
2025-02-01,SKU075,Home,West,218
2025-03-01,SKU075,Home,West,244
2025-04-01,SKU075,Home,West,231
2025-05-01,SKU075,Home,West,227
2025-06-01,SKU075,Home,West,252
2025-07-01,SKU075,Home,West,206
2025-08-01,SKU075,Home,West,189
2025-09-01,SKU075,Home,West,216
2025-10-01,SKU075,Home,West,205
2025-11-01,SKU075,Home,West,206
2025-12-01,SKU075,Home,West,239
2025-01-01,SKU076,Electronics,East,200
2025-02-01,SKU076,Electronics,East,233
2025-03-01,SKU076,Electronics,East,241
2025-04-01,SKU076,Electronics,East,247
2025-05-01,SKU076,Electronics,East,241
2025-06-01,SKU076,Electronics,East,260
2025-07-01,SKU076,Electronics,East,221
2025-08-01,SKU076,Electronics,East,212
2025-09-01,SKU076,Electronics,East,233
2025-10-01,SKU076,Electronics,East,232
2025-11-01,SKU076,Electronics,East,233
2025-12-01,SKU076,Electronics,East,239
2025-01-01,SKU077,Furniture,South,370
2025-02-01,SKU077,Furniture,South,380
2025-03-01,SKU077,Furniture,South,412
2025-04-01,SKU077,Furniture,South,418
2025-05-01,SKU077,Furniture,South,425
2025-06-01,SKU077,Furniture,South,412
2025-07-01,SKU077,Furniture,South,411
2025-08-01,SKU077,Furniture,South,397
2025-09-01,SKU077,Furniture,South,386
2025-10-01,SKU077,Furniture,South,389
2025-11-01,SKU077,Furniture,South,382
2025-12-01,SKU077,Furniture,South,420
2025-01-01,SKU078,Grocery,North,258
2025-02-01,SKU078,Grocery,North,262
2025-03-01,SKU078,Grocery,North,277
2025-04-01,SKU078,Grocery,North,310
2025-05-01,SKU078,Grocery,North,287
2025-06-01,SKU078,Grocery,North,304
2025-07-01,SKU078,Grocery,North,297
2025-08-01,SKU078,Grocery,North,270
2025-09-01,SKU078,Grocery,North,286
2025-10-01,SKU078,Grocery,North,256
2025-11-01,SKU078,Grocery,North,289
2025-12-01,SKU078,Grocery,North,301
2025-01-01,SKU079,Clothing,West,283
2025-02-01,SKU079,Clothing,West,279
2025-03-01,SKU079,Clothing,West,306
2025-04-01,SKU079,Clothing,West,345
2025-05-01,SKU079,Clothing,West,347
2025-06-01,SKU079,Clothing,West,338
2025-07-01,SKU079,Clothing,West,311
2025-08-01,SKU079,Clothing,West,311
2025-09-01,SKU079,Clothing,West,305
2025-10-01,SKU079,Clothing,West,292
2025-11-01,SKU079,Clothing,West,334
2025-12-01,SKU079,Clothing,West,344
2025-01-01,SKU080,Home,East,282
2025-02-01,SKU080,Home,East,292
2025-03-01,SKU080,Home,East,312
2025-04-01,SKU080,Home,East,341
2025-05-01,SKU080,Home,East,337
2025-06-01,SKU080,Home,East,313
2025-07-01,SKU080,Home,East,319
2025-08-01,SKU080,Home,East,306
2025-09-01,SKU080,Home,East,318
2025-10-01,SKU080,Home,East,315
2025-11-01,SKU080,Home,East,290
2025-12-01,SKU080,Home,East,336
2025-01-01,SKU081,Electronics,South,288
2025-02-01,SKU081,Electronics,South,311
2025-03-01,SKU081,Electronics,South,313
2025-04-01,SKU081,Electronics,South,343
2025-05-01,SKU081,Electronics,South,333
2025-06-01,SKU081,Electronics,South,338
2025-07-01,SKU081,Electronics,South,315
2025-08-01,SKU081,Electronics,South,322
2025-09-01,SKU081,Electronics,South,305
2025-10-01,SKU081,Electronics,South,327
2025-11-01,SKU081,Electronics,South,306
2025-12-01,SKU081,Electronics,South,330
2025-01-01,SKU082,Furniture,North,83
2025-02-01,SKU082,Furniture,North,92
2025-03-01,SKU082,Furniture,North,99
2025-04-01,SKU082,Furniture,North,111
2025-05-01,SKU082,Furniture,North,113
2025-06-01,SKU082,Furniture,North,98
2025-07-01,SKU082,Furniture,North,102
2025-08-01,SKU082,Furniture,North,124
2025-09-01,SKU082,Furniture,North,117
2025-10-01,SKU082,Furniture,North,102
2025-11-01,SKU082,Furniture,North,100
2025-12-01,SKU082,Furniture,North,107
2025-01-01,SKU083,Grocery,West,265
2025-02-01,SKU083,Grocery,West,295
2025-03-01,SKU083,Grocery,West,301
2025-04-01,SKU083,Grocery,West,323
2025-05-01,SKU083,Grocery,West,326
2025-06-01,SKU083,Grocery,West,329
2025-07-01,SKU083,Grocery,West,314
2025-08-01,SKU083,Grocery,West,310
2025-09-01,SKU083,Grocery,West,302
2025-10-01,SKU083,Grocery,West,311
2025-11-01,SKU083,Grocery,West,318
2025-12-01,SKU083,Grocery,West,335
2025-01-01,SKU084,Clothing,East,242
2025-02-01,SKU084,Clothing,East,283
2025-03-01,SKU084,Clothing,East,256
2025-04-01,SKU084,Clothing,East,270
2025-05-01,SKU084,Clothing,East,290
2025-06-01,SKU084,Clothing,East,248
2025-07-01,SKU084,Clothing,East,275
2025-08-01,SKU084,Clothing,East,255
2025-09-01,SKU084,Clothing,East,234
2025-10-01,SKU084,Clothing,East,229
2025-11-01,SKU084,Clothing,East,245
2025-12-01,SKU084,Clothing,East,240
2025-01-01,SKU085,Home,South,92
2025-02-01,SKU085,Home,South,112
2025-03-01,SKU085,Home,South,119
2025-04-01,SKU085,Home,South,120
2025-05-01,SKU085,Home,South,111
2025-06-01,SKU085,Home,South,107
2025-07-01,SKU085,Home,South,112
2025-08-01,SKU085,Home,South,122
2025-09-01,SKU085,Home,South,112
2025-10-01,SKU085,Home,South,102
2025-11-01,SKU085,Home,South,119
2025-12-01,SKU085,Home,South,82
2025-01-01,SKU086,Electronics,North,149
2025-02-01,SKU086,Electronics,North,178
2025-03-01,SKU086,Electronics,North,189
2025-04-01,SKU086,Electronics,North,189
2025-05-01,SKU086,Electronics,North,201
2025-06-01,SKU086,Electronics,North,173
2025-07-01,SKU086,Electronics,North,196
2025-08-01,SKU086,Electronics,North,168
2025-09-01,SKU086,Electronics,North,154
2025-10-01,SKU086,Electronics,North,170
2025-11-01,SKU086,Electronics,North,154
2025-12-01,SKU086,Electronics,North,192
2025-01-01,SKU087,Furniture,West,427
2025-02-01,SKU087,Furniture,West,446
2025-03-01,SKU087,Furniture,West,492
2025-04-01,SKU087,Furniture,West,502
2025-05-01,SKU087,Furniture,West,495
2025-06-01,SKU087,Furniture,West,480
2025-07-01,SKU087,Furniture,West,497
2025-08-01,SKU087,Furniture,West,445
2025-09-01,SKU087,Furniture,West,461
2025-10-01,SKU087,Furniture,West,430
2025-11-01,SKU087,Furniture,West,479
2025-12-01,SKU087,Furniture,West,509
2025-01-01,SKU088,Grocery,East,403
2025-02-01,SKU088,Grocery,East,422
2025-03-01,SKU088,Grocery,East,439
2025-04-01,SKU088,Grocery,East,454
2025-05-01,SKU088,Grocery,East,458
2025-06-01,SKU088,Grocery,East,451
2025-07-01,SKU088,Grocery,East,447
2025-08-01,SKU088,Grocery,East,424
2025-09-01,SKU088,Grocery,East,423
2025-10-01,SKU088,Grocery,East,414
2025-11-01,SKU088,Grocery,East,430
2025-12-01,SKU088,Grocery,East,429
2025-01-01,SKU089,Clothing,South,274
2025-02-01,SKU089,Clothing,South,325
2025-03-01,SKU089,Clothing,South,346
2025-04-01,SKU089,Clothing,South,330
2025-05-01,SKU089,Clothing,South,335
2025-06-01,SKU089,Clothing,South,334
2025-07-01,SKU089,Clothing,South,321
2025-08-01,SKU089,Clothing,South,289
2025-09-01,SKU089,Clothing,South,307
2025-10-01,SKU089,Clothing,South,278
2025-11-01,SKU089,Clothing,South,304
2025-12-01,SKU089,Clothing,South,336
2025-01-01,SKU090,Home,North,423
2025-02-01,SKU090,Home,North,442
2025-03-01,SKU090,Home,North,488
2025-04-01,SKU090,Home,North,488
2025-05-01,SKU090,Home,North,499
2025-06-01,SKU090,Home,North,474
2025-07-01,SKU090,Home,North,470
2025-08-01,SKU090,Home,North,479
2025-09-01,SKU090,Home,North,457
2025-10-01,SKU090,Home,North,450
2025-11-01,SKU090,Home,North,455
2025-12-01,SKU090,Home,North,488
2025-01-01,SKU091,Electronics,West,414
2025-02-01,SKU091,Electronics,West,438
2025-03-01,SKU091,Electronics,West,466
2025-04-01,SKU091,Electronics,West,486
2025-05-01,SKU091,Electronics,West,455
2025-06-01,SKU091,Electronics,West,481
2025-07-01,SKU091,Electronics,West,460
2025-08-01,SKU091,Electronics,West,427
2025-09-01,SKU091,Electronics,West,441
2025-10-01,SKU091,Electronics,West,427
2025-11-01,SKU091,Electronics,West,443
2025-12-01,SKU091,Electronics,West,466
2025-01-01,SKU092,Furniture,East,418
2025-02-01,SKU092,Furniture,East,440
2025-03-01,SKU092,Furniture,East,454
2025-04-01,SKU092,Furniture,East,479
2025-05-01,SKU092,Furniture,East,482
2025-06-01,SKU092,Furniture,East,461
2025-07-01,SKU092,Furniture,East,434
2025-08-01,SKU092,Furniture,East,426
2025-09-01,SKU092,Furniture,East,411
2025-10-01,SKU092,Furniture,East,442
2025-11-01,SKU092,Furniture,East,458
2025-12-01,SKU092,Furniture,East,486
2025-01-01,SKU093,Grocery,South,211
2025-02-01,SKU093,Grocery,South,256
2025-03-01,SKU093,Grocery,South,232
2025-04-01,SKU093,Grocery,South,255
2025-05-01,SKU093,Grocery,South,245
2025-06-01,SKU093,Grocery,South,249
2025-07-01,SKU093,Grocery,South,251
2025-08-01,SKU093,Grocery,South,232
2025-09-01,SKU093,Grocery,South,248
2025-10-01,SKU093,Grocery,South,254
2025-11-01,SKU093,Grocery,South,216
2025-12-01,SKU093,Grocery,South,249
2025-01-01,SKU094,Clothing,North,341
2025-02-01,SKU094,Clothing,North,389
2025-03-01,SKU094,Clothing,North,379
2025-04-01,SKU094,Clothing,North,415
2025-05-01,SKU094,Clothing,North,443
2025-06-01,SKU094,Clothing,North,421
2025-07-01,SKU094,Clothing,North,406
2025-08-01,SKU094,Clothing,North,413
2025-09-01,SKU094,Clothing,North,379
2025-10-01,SKU094,Clothing,North,399
2025-11-01,SKU094,Clothing,North,397
2025-12-01,SKU094,Clothing,North,423
2025-01-01,SKU095,Home,West,121
2025-02-01,SKU095,Home,West,136
2025-03-01,SKU095,Home,West,127
2025-04-01,SKU095,Home,West,150
2025-05-01,SKU095,Home,West,141
2025-06-01,SKU095,Home,West,137
2025-07-01,SKU095,Home,West,148
2025-08-01,SKU095,Home,West,157
2025-09-01,SKU095,Home,West,149
2025-10-01,SKU095,Home,West,119
2025-11-01,SKU095,Home,West,131
2025-12-01,SKU095,Home,West,162
2025-01-01,SKU096,Electronics,East,212
2025-02-01,SKU096,Electronics,East,242
2025-03-01,SKU096,Electronics,East,232
2025-04-01,SKU096,Electronics,East,252
2025-05-01,SKU096,Electronics,East,259
2025-06-01,SKU096,Electronics,East,236
2025-07-01,SKU096,Electronics,East,226
2025-08-01,SKU096,Electronics,East,227
2025-09-01,SKU096,Electronics,East,218
2025-10-01,SKU096,Electronics,East,238
2025-11-01,SKU096,Electronics,East,219
2025-12-01,SKU096,Electronics,East,245
2025-01-01,SKU097,Furniture,South,234
2025-02-01,SKU097,Furniture,South,240
2025-03-01,SKU097,Furniture,South,245
2025-04-01,SKU097,Furniture,South,261
2025-05-01,SKU097,Furniture,South,264
2025-06-01,SKU097,Furniture,South,239
2025-07-01,SKU097,Furniture,South,260
2025-08-01,SKU097,Furniture,South,235
2025-09-01,SKU097,Furniture,South,230
2025-10-01,SKU097,Furniture,South,243
2025-11-01,SKU097,Furniture,South,250
2025-12-01,SKU097,Furniture,South,247
2025-01-01,SKU098,Grocery,North,137
2025-02-01,SKU098,Grocery,North,144
2025-03-01,SKU098,Grocery,North,158
2025-04-01,SKU098,Grocery,North,157
2025-05-01,SKU098,Grocery,North,145
2025-06-01,SKU098,Grocery,North,154
2025-07-01,SKU098,Grocery,North,131
2025-08-01,SKU098,Grocery,North,137
2025-09-01,SKU098,Grocery,North,143
2025-10-01,SKU098,Grocery,North,133
2025-11-01,SKU098,Grocery,North,171
2025-12-01,SKU098,Grocery,North,127
2025-01-01,SKU099,Clothing,West,230
2025-02-01,SKU099,Clothing,West,243
2025-03-01,SKU099,Clothing,West,270
2025-04-01,SKU099,Clothing,West,294
2025-05-01,SKU099,Clothing,West,262
2025-06-01,SKU099,Clothing,West,248
2025-07-01,SKU099,Clothing,West,255
2025-08-01,SKU099,Clothing,West,279
2025-09-01,SKU099,Clothing,West,233
2025-10-01,SKU099,Clothing,West,263
2025-11-01,SKU099,Clothing,West,271
2025-12-01,SKU099,Clothing,West,259
2025-01-01,SKU100,Home,East,325
2025-02-01,SKU100,Home,East,357
2025-03-01,SKU100,Home,East,370
2025-04-01,SKU100,Home,East,370
2025-05-01,SKU100,Home,East,367
2025-06-01,SKU100,Home,East,380
2025-07-01,SKU100,Home,East,372
2025-08-01,SKU100,Home,East,367
2025-09-01,SKU100,Home,East,319
2025-10-01,SKU100,Home,East,325
2025-11-01,SKU100,Home,East,365
2025-12-01,SKU100,Home,East,352
