date,quantity_sold
2011-01-29,32631
2011-01-30,31749
2011-01-31,23783
2011-02-01,25412
2011-02-02,19146
2011-02-03,29211
2011-02-04,28010
2011-02-05,37932
2011-02-06,32736
2011-02-07,25572
2011-02-08,23071
2011-02-09,23658
2011-02-10,23756
2011-02-11,26445
2011-02-12,34833
2011-02-13,36380
2011-02-14,21804
2011-02-15,24070
2011-02-16,21443
2011-02-17,20318
2011-02-18,23721
2011-02-19,31689
2011-02-20,29283
2011-02-21,23966
2011-02-22,20501
2011-02-23,20757
2011-02-24,20277
2011-02-25,22529
2011-02-26,29908
2011-02-27,28707
2011-02-28,21240
2011-03-01,22872
2011-03-02,22046
2011-03-03,23475
2011-03-04,23572
2011-03-05,31202
2011-03-06,34876
2011-03-07,24562
2011-03-08,22752
2011-03-09,22560
2011-03-10,22626
2011-03-11,25572
2011-03-12,32225
2011-03-13,31417
2011-03-14,24935
2011-03-15,24021
2011-03-16,22765
2011-03-17,21779
2011-03-18,23855
2011-03-19,30599
2011-03-20,29643
2011-03-21,23101
2011-03-22,20492
2011-03-23,19230
2011-03-24,18854
2011-03-25,23350
2011-03-26,29620
2011-03-27,29866
2011-03-28,21449
2011-03-29,19581
2011-03-30,18928
2011-03-31,21742
2011-04-01,28309
2011-04-02,33478
2011-04-03,33058
2011-04-04,24852
2011-04-05,23581
2011-04-06,22656
2011-04-07,22901
2011-04-08,24754
2011-04-09,31745
2011-04-10,31536
2011-04-11,24829
2011-04-12,23218
2011-04-13,21611
2011-04-14,21964
2011-04-15,25482
2011-04-16,29234
2011-04-17,29787
2011-04-18,22389
2011-04-19,19474
2011-04-20,20188
2011-04-21,19768
2011-04-22,24279
2011-04-23,29575
2011-04-24,24018
2011-04-25,20004
2011-04-26,18113
2011-04-27,17929
2011-04-28,18145
2011-04-29,22735
2011-04-30,28101
2011-05-01,29045
2011-05-02,22837
2011-05-03,24080
2011-05-04,20761
2011-05-05,21184
2011-05-06,24486
2011-05-07,28412
2011-05-08,23688
2011-05-09,25024
2011-05-10,22231
2011-05-11,22165
2011-05-12,22413
2011-05-13,25648
2011-05-14,28736
2011-05-15,31320
2011-05-16,22213
2011-05-17,19613
2011-05-18,18770
2011-05-19,18684
2011-05-20,21649
2011-05-21,27112
2011-05-22,26246
2011-05-23,20954
2011-05-24,19203
2011-05-25,19058
2011-05-26,20480
2011-05-27,22481
2011-05-28,25527
2011-05-29,23449
2011-05-30,22538
2011-05-31,19555
2011-06-01,23165
2011-06-02,22681
2011-06-03,26781
2011-06-04,30310
2011-06-05,31604
2011-06-06,26685
2011-06-07,25089
2011-06-08,24453
2011-06-09,24782
2011-06-10,26419
2011-06-11,29940
2011-06-12,31094
2011-06-13,25752
2011-06-14,24155
2011-06-15,25258
2011-06-16,22706
2011-06-17,24712
2011-06-18,28825
2011-06-19,26106
2011-06-20,24261
2011-06-21,21810
2011-06-22,21401
2011-06-23,22780
2011-06-24,24638
2011-06-25,26482
2011-06-26,27668
2011-06-27,22642
2011-06-28,19800
2011-06-29,19930
2011-06-30,21451
2011-07-01,31033
2011-07-02,33001
2011-07-03,29173
2011-07-04,23033
2011-07-05,26596
2011-07-06,26602
2011-07-07,26727
2011-07-08,27679
2011-07-09,32486
2011-07-10,31539
2011-07-11,26592
2011-07-12,24632
2011-07-13,23445
2011-07-14,23447
2011-07-15,27349
2011-07-16,30869
2011-07-17,30334
2011-07-18,24639
2011-07-19,21931
2011-07-20,22487
2011-07-21,22778
2011-07-22,26356
2011-07-23,30284
2011-07-24,28799
2011-07-25,22895
2011-07-26,21195
2011-07-27,20504
2011-07-28,21243
2011-07-29,24542
2011-07-30,28953
2011-07-31,28677
2011-08-01,26607
2011-08-02,25475
2011-08-03,27237
2011-08-04,23713
2011-08-05,26594
2011-08-06,31959
2011-08-07,32006
2011-08-08,26354
2011-08-09,26213
2011-08-10,24578
2011-08-11,24708
2011-08-12,28544
2011-08-13,33003
2011-08-14,33909
2011-08-15,28511
2011-08-16,25266
2011-08-17,23681
2011-08-18,23376
2011-08-19,27004
2011-08-20,32258
2011-08-21,33973
2011-08-22,25324
2011-08-23,22617
2011-08-24,21935
2011-08-25,21414
2011-08-26,24268
2011-08-27,30383
2011-08-28,30626
2011-08-29,22085
2011-08-30,20350
2011-08-31,21723
2011-09-01,26299
2011-09-02,29208
2011-09-03,34032
2011-09-04,26925
2011-09-05,30158
2011-09-06,26134
2011-09-07,24445
2011-09-08,24048
2011-09-09,28246
2011-09-10,33030
2011-09-11,34632
2011-09-12,26138
2011-09-13,24645
2011-09-14,23505
2011-09-15,26343
2011-09-16,26933
2011-09-17,32195
2011-09-18,32034
2011-09-19,24367
2011-09-20,22675
2011-09-21,21796
2011-09-22,21859
2011-09-23,26706
2011-09-24,32466
2011-09-25,33228
2011-09-26,24090
2011-09-27,22788
2011-09-28,22193
2011-09-29,22383
2011-09-30,30182
2011-10-01,39312
2011-10-02,37214
2011-10-03,30455
2011-10-04,26114
2011-10-05,25913
2011-10-06,26066
2011-10-07,29985
2011-10-08,35930
2011-10-09,35940
2011-10-10,29401
2011-10-11,27427
2011-10-12,27414
2011-10-13,26116
2011-10-14,29885
2011-10-15,38426
2011-10-16,36127
2011-10-17,27592
2011-10-18,24202
2011-10-19,22441
2011-10-20,22402
2011-10-21,27130
2011-10-22,33151
2011-10-23,32876
2011-10-24,24516
2011-10-25,22437
2011-10-26,22142
2011-10-27,22982
2011-10-28,26880
2011-10-29,33219
2011-10-30,31853
2011-10-31,22695
2011-11-01,26039
2011-11-02,24808
2011-11-03,27902
2011-11-04,28596
2011-11-05,36887
2011-11-06,37887
2011-11-07,27278
2011-11-08,25188
2011-11-09,26092
2011-11-10,26147
2011-11-11,29755
2011-11-12,35922
2011-11-13,35348
2011-11-14,26773
2011-11-15,26701
2011-11-16,23928
2011-11-17,23114
2011-11-18,26507
2011-11-19,33545
2011-11-20,32753
2011-11-21,25574
2011-11-22,25654
2011-11-23,30787
2011-11-24,18427
2011-11-25,23998
2011-11-26,25292
2011-11-27,27134
2011-11-28,22378
2011-11-29,21584
2011-11-30,21089
2011-12-01,26268
2011-12-02,29727
2011-12-03,38129
2011-12-04,35078
2011-12-05,29220
2011-12-06,27267
2011-12-07,25453
2011-12-08,26347
2011-12-09,29438
2011-12-10,34786
2011-12-11,35743
2011-12-12,29151
2011-12-13,26913
2011-12-14,26794
2011-12-15,29644
2011-12-16,28885
2011-12-17,34159
2011-12-18,32087
2011-12-19,27068
2011-12-20,26262
2011-12-21,26662
2011-12-22,28182
2011-12-23,34646
2011-12-24,29958
2011-12-25,13
2011-12-26,28032
2011-12-27,24651
2011-12-28,24791
2011-12-29,24541
2011-12-30,33652
2011-12-31,33751
2012-01-01,21807
2012-01-02,33053
2012-01-03,28751
2012-01-04,25821
2012-01-05,28499
2012-01-06,30405
2012-01-07,37143
2012-01-08,36722
2012-01-09,28206
2012-01-10,26640
2012-01-11,29044
2012-01-12,24715
2012-01-13,29463
2012-01-14,36815
2012-01-15,36459
2012-01-16,30548
2012-01-17,22187
2012-01-18,25348
2012-01-19,24034
2012-01-20,27204
2012-01-21,38578
2012-01-22,32587
2012-01-23,24702
2012-01-24,23549
2012-01-25,22408
2012-01-26,23237
2012-01-27,27199
2012-01-28,34362
2012-01-29,33577
2012-01-30,25188
2012-01-31,25124
2012-02-01,29851
2012-02-02,28615
2012-02-03,35104
2012-02-04,43029
2012-02-05,40075
2012-02-06,30681
2012-02-07,28108
2012-02-08,28579
2012-02-09,29927
2012-02-10,29863
2012-02-11,41757
2012-02-12,41904
2012-02-13,31675
2012-02-14,25100
2012-02-15,26878
2012-02-16,25195
2012-02-17,27604
2012-02-18,36622
2012-02-19,36338
2012-02-20,30218
2012-02-21,25190
2012-02-22,24115
2012-02-23,25211
2012-02-24,27870
2012-02-25,35769
2012-02-26,36281
2012-02-27,27270
2012-02-28,24359
2012-02-29,24802
2012-03-01,30232
2012-03-02,32543
2012-03-03,41319
2012-03-04,40325
2012-03-05,32703
2012-03-06,31532
2012-03-07,28608
2012-03-08,29759
2012-03-09,32322
2012-03-10,39559
2012-03-11,40612
2012-03-12,32501
2012-03-13,29100
2012-03-14,27841
2012-03-15,30752
2012-03-16,30951
2012-03-17,37904
2012-03-18,37694
2012-03-19,29187
2012-03-20,25533
2012-03-21,26227
2012-03-22,26015
2012-03-23,29055
2012-03-24,37089
2012-03-25,37843
2012-03-26,27182
2012-03-27,24649
2012-03-28,24783
2012-03-29,23879
2012-03-30,30732
2012-03-31,38463
2012-04-01,39783
2012-04-02,31359
2012-04-03,33033
2012-04-04,28318
2012-04-05,31368
2012-04-06,37545
2012-04-07,45638
2012-04-08,36210
2012-04-09,31993
2012-04-10,28800
2012-04-11,29575
2012-04-12,28568
2012-04-13,31938
2012-04-14,38546
2012-04-15,38707
2012-04-16,27672
2012-04-17,26067
2012-04-18,24699
2012-04-19,24824
2012-04-20,28143
2012-04-21,36708
2012-04-22,36764
2012-04-23,26670
2012-04-24,24848
2012-04-25,24448
2012-04-26,24530
2012-04-27,28977
2012-04-28,35647
2012-04-29,36124
2012-04-30,27356
2012-05-01,30290
2012-05-02,29239
2012-05-03,32959
2012-05-04,32932
2012-05-05,39201
2012-05-06,41529
2012-05-07,33477
2012-05-08,30433
2012-05-09,30204
2012-05-10,28164
2012-05-11,32814
2012-05-12,40872
2012-05-13,33769
2012-05-14,31583
2012-05-15,31758
2012-05-16,28677
2012-05-17,27323
2012-05-18,32311
2012-05-19,37929
2012-05-20,39514
2012-05-21,28805
2012-05-22,27502
2012-05-23,26623
2012-05-24,27963
2012-05-25,32797
2012-05-26,37239
2012-05-27,33853
2012-05-28,33407
2012-05-29,28620
2012-05-30,27150
2012-05-31,28809
2012-06-01,39529
2012-06-02,44943
2012-06-03,43910
2012-06-04,33294
2012-06-05,34006
2012-06-06,33587
2012-06-07,32535
2012-06-08,36901
2012-06-09,43309
2012-06-10,44944
2012-06-11,39636
2012-06-12,35074
2012-06-13,32930
2012-06-14,33782
2012-06-15,41798
2012-06-16,44438
2012-06-17,39039
2012-06-18,34100
2012-06-19,31967
2012-06-20,31468
2012-06-21,30764
2012-06-22,36477
2012-06-23,40010
2012-06-24,40509
2012-06-25,31847
2012-06-26,29371
2012-06-27,28885
2012-06-28,29585
2012-06-29,36377
2012-06-30,40594
2012-07-01,40699
2012-07-02,35863
2012-07-03,39542
2012-07-04,32656
2012-07-05,34408
2012-07-06,39991
2012-07-07,41431
2012-07-08,42672
2012-07-09,35770
2012-07-10,32587
2012-07-11,33072
2012-07-12,33077
2012-07-13,36582
2012-07-14,42348
2012-07-15,43689
2012-07-16,33020
2012-07-17,30418
2012-07-18,28916
2012-07-19,30864
2012-07-20,35402
2012-07-21,39544
2012-07-22,39952
2012-07-23,30864
2012-07-24,29479
2012-07-25,28354
2012-07-26,28538
2012-07-27,31840
2012-07-28,34588
2012-07-29,36147
2012-07-30,28933
2012-07-31,29531
2012-08-01,33970
2012-08-02,35260
2012-08-03,39511
2012-08-04,41276
2012-08-05,43009
2012-08-06,37024
2012-08-07,32394
2012-08-08,32301
2012-08-09,35008
2012-08-10,36465
2012-08-11,44081
2012-08-12,45798
2012-08-13,36030
2012-08-14,34312
2012-08-15,35497
2012-08-16,34405
2012-08-17,35457
2012-08-18,41521
2012-08-19,43364
2012-08-20,32410
2012-08-21,30206
2012-08-22,28922
2012-08-23,28552
2012-08-24,33044
2012-08-25,39964
2012-08-26,41021
2012-08-27,31010
2012-08-28,28472
2012-08-29,27101
2012-08-30,28303
2012-08-31,37092
2012-09-01,44630
2012-09-02,42819
2012-09-03,44525
2012-09-04,31879
2012-09-05,31854
2012-09-06,32575
2012-09-07,34775
2012-09-08,43218
2012-09-09,46649
2012-09-10,32972
2012-09-11,32370
2012-09-12,31018
2012-09-13,30142
2012-09-14,36359
2012-09-15,45959
2012-09-16,44286
2012-09-17,31860
2012-09-18,29276
2012-09-19,27065
2012-09-20,28557
2012-09-21,33634
2012-09-22,41889
2012-09-23,41362
2012-09-24,29176
2012-09-25,27979
2012-09-26,26932
2012-09-27,27231
2012-09-28,32656
2012-09-29,40981
2012-09-30,39736
2012-10-01,34841
2012-10-02,33830
2012-10-03,34220
2012-10-04,30075
2012-10-05,34588
2012-10-06,44040
2012-10-07,41872
2012-10-08,33790
2012-10-09,32295
2012-10-10,29969
2012-10-11,29998
2012-10-12,35052
2012-10-13,42226
2012-10-14,42237
2012-10-15,33684
2012-10-16,27869
2012-10-17,27103
2012-10-18,26169
2012-10-19,29711
2012-10-20,36689
2012-10-21,36987
2012-10-22,26712
2012-10-23,25419
2012-10-24,24390
2012-10-25,24312
2012-10-26,31863
2012-10-27,38547
2012-10-28,37184
2012-10-29,27581
2012-10-30,28080
2012-10-31,24975
2012-11-01,31051
2012-11-02,35514
2012-11-03,45079
2012-11-04,42545
2012-11-05,33057
2012-11-06,30514
2012-11-07,29683
2012-11-08,30757
2012-11-09,35722
2012-11-10,42884
2012-11-11,43517
2012-11-12,33213
2012-11-13,28308
2012-11-14,27835
2012-11-15,29713
2012-11-16,31616
2012-11-17,40441
2012-11-18,37576
2012-11-19,29330
2012-11-20,30274
2012-11-21,35208
2012-11-22,21909
2012-11-23,23423
2012-11-24,30016
2012-11-25,32732
2012-11-26,26476
2012-11-27,24489
2012-11-28,23545
2012-11-29,23868
2012-11-30,30389
2012-12-01,42496
2012-12-02,40940
2012-12-03,35337
2012-12-04,28819
2012-12-05,31184
2012-12-06,31124
2012-12-07,33594
2012-12-08,41573
2012-12-09,42526
2012-12-10,31089
2012-12-11,30298
2012-12-12,30016
2012-12-13,28671
2012-12-14,32902
2012-12-15,42390
2012-12-16,40053
2012-12-17,31025
2012-12-18,30254
2012-12-19,31782
2012-12-20,30872
2012-12-21,32848
2012-12-22,40015
2012-12-23,38987
2012-12-24,32623
2012-12-25,11
2012-12-26,29701
2012-12-27,29086
2012-12-28,32347
2012-12-29,37154
2012-12-30,35699
2012-12-31,35036
2013-01-01,24087
2013-01-02,32184
2013-01-03,36241
2013-01-04,33742
2013-01-05,43287
2013-01-06,43994
2013-01-07,33517
2013-01-08,31220
2013-01-09,29532
2013-01-10,29793
2013-01-11,34476
2013-01-12,45878
2013-01-13,40207
2013-01-14,30614
2013-01-15,30901
2013-01-16,28802
2013-01-17,28370
2013-01-18,32812
2013-01-19,42267
2013-01-20,37041
2013-01-21,30887
2013-01-22,25556
2013-01-23,25594
2013-01-24,24967
2013-01-25,29852
2013-01-26,40693
2013-01-27,38427
2013-01-28,27796
2013-01-29,25549
2013-01-30,23523
2013-01-31,26751
2013-02-01,39076
2013-02-02,51032
2013-02-03,41558
2013-02-04,28992
2013-02-05,31633
2013-02-06,31937
2013-02-07,29699
2013-02-08,35546
2013-02-09,45852
2013-02-10,43910
2013-02-11,36617
2013-02-12,36141
2013-02-13,38551
2013-02-14,30209
2013-02-15,38260
2013-02-16,45157
2013-02-17,44653
2013-02-18,34638
2013-02-19,28248
2013-02-20,30201
2013-02-21,31408
2013-02-22,32563
2013-02-23,43031
2013-02-24,44142
2013-02-25,32020
2013-02-26,27328
2013-02-27,27884
2013-02-28,30374
2013-03-01,39451
2013-03-02,49772
2013-03-03,48247
2013-03-04,35817
2013-03-05,31236
2013-03-06,32028
2013-03-07,29770
2013-03-08,34292
2013-03-09,44889
2013-03-10,44108
2013-03-11,36438
2013-03-12,33792
2013-03-13,31808
2013-03-14,33167
2013-03-15,37501
2013-03-16,43652
2013-03-17,42570
2013-03-18,31365
2013-03-19,29012
2013-03-20,29456
2013-03-21,29642
2013-03-22,33168
2013-03-23,40620
2013-03-24,40633
2013-03-25,29667
2013-03-26,28632
2013-03-27,28258
2013-03-28,29654
2013-03-29,38067
2013-03-30,46410
2013-03-31,34448
2013-04-01,34522
2013-04-02,34642
2013-04-03,35594
2013-04-04,32174
2013-04-05,38056
2013-04-06,46821
2013-04-07,46444
2013-04-08,35017
2013-04-09,33750
2013-04-10,31441
2013-04-11,32692
2013-04-12,36082
2013-04-13,43645
2013-04-14,43990
2013-04-15,34102
2013-04-16,31039
2013-04-17,28815
2013-04-18,28474
2013-04-19,32829
2013-04-20,40857
2013-04-21,39931
2013-04-22,29951
2013-04-23,27059
2013-04-24,27607
2013-04-25,27476
2013-04-26,31206
2013-04-27,35329
2013-04-28,38902
2013-04-29,27445
2013-04-30,28144
2013-05-01,31358
2013-05-02,31741
2013-05-03,36950
2013-05-04,40812
2013-05-05,43203
2013-05-06,35368
2013-05-07,31673
2013-05-08,31346
2013-05-09,32938
2013-05-10,33497
2013-05-11,45385
2013-05-12,37390
2013-05-13,34609
2013-05-14,32885
2013-05-15,34611
2013-05-16,31937
2013-05-17,34682
2013-05-18,40830
2013-05-19,42673
2013-05-20,33646
2013-05-21,30286
2013-05-22,28935
2013-05-23,30902
2013-05-24,35081
2013-05-25,39143
2013-05-26,36049
2013-05-27,36277
2013-05-28,29298
2013-05-29,26967
2013-05-30,28125
2013-05-31,36086
2013-06-01,44808
2013-06-02,47502
2013-06-03,39245
2013-06-04,33809
2013-06-05,35911
2013-06-06,34166
2013-06-07,37602
2013-06-08,44647
2013-06-09,48164
2013-06-10,36769
2013-06-11,34625
2013-06-12,33942
2013-06-13,34188
2013-06-14,39767
2013-06-15,46309
2013-06-16,39690
2013-06-17,34118
2013-06-18,31177
2013-06-19,31070
2013-06-20,31771
2013-06-21,36703
2013-06-22,42276
2013-06-23,43275
2013-06-24,34118
2013-06-25,31603
2013-06-26,30356
2013-06-27,31457
2013-06-28,36753
2013-06-29,44949
2013-06-30,44823
2013-07-01,38716
2013-07-02,37242
2013-07-03,43999
2013-07-04,36783
2013-07-05,40807
2013-07-06,41832
2013-07-07,44624
2013-07-08,37460
2013-07-09,37253
2013-07-10,34579
2013-07-11,36361
2013-07-12,41279
2013-07-13,45185
2013-07-14,46672
2013-07-15,37624
2013-07-16,33937
2013-07-17,32467
2013-07-18,33921
2013-07-19,36194
2013-07-20,41527
2013-07-21,42039
2013-07-22,32203
2013-07-23,31304
2013-07-24,31468
2013-07-25,31816
2013-07-26,36843
2013-07-27,41672
2013-07-28,40480
2013-07-29,31763
2013-07-30,30162
2013-07-31,31255
2013-08-01,37309
2013-08-02,41663
2013-08-03,47105
2013-08-04,44439
2013-08-05,39149
2013-08-06,36694
2013-08-07,35079
2013-08-08,34886
2013-08-09,40699
2013-08-10,44912
2013-08-11,47520
2013-08-12,38753
2013-08-13,35144
2013-08-14,33732
2013-08-15,37643
2013-08-16,38025
2013-08-17,44431
2013-08-18,44894
2013-08-19,35237
2013-08-20,31625
2013-08-21,32633
2013-08-22,31793
2013-08-23,37113
2013-08-24,44836
2013-08-25,48577
2013-08-26,34200
2013-08-27,32963
2013-08-28,32456
2013-08-29,31710
2013-08-30,41621
2013-08-31,47972
2013-09-01,44741
2013-09-02,47072
2013-09-03,37799
2013-09-04,33328
2013-09-05,35425
2013-09-06,38684
2013-09-07,47600
2013-09-08,51740
2013-09-09,39765
2013-09-10,34663
2013-09-11,36195
2013-09-12,36767
2013-09-13,40971
2013-09-14,49166
2013-09-15,50970
2013-09-16,36775
2013-09-17,32571
2013-09-18,31281
2013-09-19,30823
2013-09-20,36281
2013-09-21,46001
2013-09-22,46210
2013-09-23,32784
2013-09-24,31064
2013-09-25,29959
2013-09-26,30648
2013-09-27,35502
2013-09-28,44441
2013-09-29,44396
2013-09-30,32893
2013-10-01,36730
2013-10-02,33900
2013-10-03,37215
2013-10-04,37334
2013-10-05,48777
2013-10-06,49888
2013-10-07,37003
2013-10-08,34544
2013-10-09,34746
2013-10-10,34019
2013-10-11,38093
2013-10-12,46581
2013-10-13,46343
2013-10-14,36836
2013-10-15,33213
2013-10-16,32677
2013-10-17,30538
2013-10-18,34337
2013-10-19,42043
2013-10-20,43352
2013-10-21,31859
2013-10-22,28957
2013-10-23,29525
2013-10-24,29260
2013-10-25,33877
2013-10-26,42454
2013-10-27,40665
2013-10-28,32058
2013-10-29,29529
2013-10-30,31136
2013-10-31,27034
2013-11-01,39727
2013-11-02,47093
2013-11-03,48373
2013-11-04,32972
2013-11-05,34087
2013-11-06,33030
2013-11-07,31953
2013-11-08,35460
2013-11-09,45717
2013-11-10,43905
2013-11-11,36396
2013-11-12,32275
2013-11-13,29255
2013-11-14,29468
2013-11-15,35775
2013-11-16,44587
2013-11-17,42589
2013-11-18,32110
2013-11-19,28522
2013-11-20,27915
2013-11-21,28699
2013-11-22,32863
2013-11-23,40047
2013-11-24,38446
2013-11-25,28645
2013-11-26,31293
2013-11-27,36139
2013-11-28,19839
2013-11-29,26073
2013-11-30,31546
2013-12-01,38187
2013-12-02,37087
2013-12-03,38024
2013-12-04,31519
2013-12-05,35151
2013-12-06,36899
2013-12-07,44450
2013-12-08,40424
2013-12-09,33653
2013-12-10,31422
2013-12-11,30911
2013-12-12,31669
2013-12-13,36163
2013-12-14,41528
2013-12-15,43097
2013-12-16,32474
2013-12-17,30338
2013-12-18,31692
2013-12-19,32411
2013-12-20,32123
2013-12-21,40474
2013-12-22,34915
2013-12-23,35289
2013-12-24,31077
2013-12-25,20
2013-12-26,32727
2013-12-27,33095
2013-12-28,36490
2013-12-29,34121
2013-12-30,32293
2013-12-31,34811
2014-01-01,23845
2014-01-02,32653
2014-01-03,38870
2014-01-04,44616
2014-01-05,45302
2014-01-06,32412
2014-01-07,30952
2014-01-08,32973
2014-01-09,33197
2014-01-10,32766
2014-01-11,47798
2014-01-12,46858
2014-01-13,33714
2014-01-14,30223
2014-01-15,31579
2014-01-16,31190
2014-01-17,35240
2014-01-18,43233
2014-01-19,40427
2014-01-20,32706
2014-01-21,27854
2014-01-22,28197
2014-01-23,26244
2014-01-24,30888
2014-01-25,40529
2014-01-26,40197
2014-01-27,30060
2014-01-28,24000
2014-01-29,24983
2014-01-30,27017
2014-01-31,36489
2014-02-01,45333
2014-02-02,43897
2014-02-03,37294
2014-02-04,30577
2014-02-05,31676
2014-02-06,32389
2014-02-07,34255
2014-02-08,47108
2014-02-09,48040
2014-02-10,33147
2014-02-11,33533
2014-02-12,36738
2014-02-13,37483
2014-02-14,33910
2014-02-15,44965
2014-02-16,43832
2014-02-17,34557
2014-02-18,30710
2014-02-19,30411
2014-02-20,29703
2014-02-21,33326
2014-02-22,41488
2014-02-23,44427
2014-02-24,31797
2014-02-25,29725
2014-02-26,26351
2014-02-27,28890
2014-02-28,34198
2014-03-01,45496
2014-03-02,46777
2014-03-03,37201
2014-03-04,30066
2014-03-05,31278
2014-03-06,32662
2014-03-07,34864
2014-03-08,43485
2014-03-09,50090
2014-03-10,37506
2014-03-11,34567
2014-03-12,34942
2014-03-13,33084
2014-03-14,36946
2014-03-15,44708
2014-03-16,45376
2014-03-17,32084
2014-03-18,30095
2014-03-19,29384
2014-03-20,28809
2014-03-21,33202
2014-03-22,41441
2014-03-23,44171
2014-03-24,31843
2014-03-25,28466
2014-03-26,27014
2014-03-27,30210
2014-03-28,32918
2014-03-29,41193
2014-03-30,43156
2014-03-31,30672
2014-04-01,33708
2014-04-02,33699
2014-04-03,36604
2014-04-04,35685
2014-04-05,46776
2014-04-06,48790
2014-04-07,36594
2014-04-08,35248
2014-04-09,35209
2014-04-10,33038
2014-04-11,38439
2014-04-12,46155
2014-04-13,46083
2014-04-14,35751
2014-04-15,36396
2014-04-16,34228
2014-04-17,33193
2014-04-18,38905
2014-04-19,47819
2014-04-20,38934
2014-04-21,31626
2014-04-22,30678
2014-04-23,30437
2014-04-24,30792
2014-04-25,33427
2014-04-26,42377
2014-04-27,43440
2014-04-28,31508
2014-04-29,29865
2014-04-30,28883
2014-05-01,33859
2014-05-02,38951
2014-05-03,46542
2014-05-04,45139
2014-05-05,35820
2014-05-06,33611
2014-05-07,32146
2014-05-08,31819
2014-05-09,36363
2014-05-10,42843
2014-05-11,38180
2014-05-12,37922
2014-05-13,33844
2014-05-14,32817
2014-05-15,33522
2014-05-16,34589
2014-05-17,40019
2014-05-18,43020
2014-05-19,32314
2014-05-20,29926
2014-05-21,29083
2014-05-22,30386
2014-05-23,33425
2014-05-24,38386
2014-05-25,35965
2014-05-26,33459
2014-05-27,28912
2014-05-28,28109
2014-05-29,27689
2014-05-30,33740
2014-05-31,40692
2014-06-01,44602
2014-06-02,37312
2014-06-03,38357
2014-06-04,32899
2014-06-05,35655
2014-06-06,37457
2014-06-07,44347
2014-06-08,45279
2014-06-09,38256
2014-06-10,33658
2014-06-11,34644
2014-06-12,35077
2014-06-13,38356
2014-06-14,44984
2014-06-15,42494
2014-06-16,35203
2014-06-17,33542
2014-06-18,32269
2014-06-19,33120
2014-06-20,37996
2014-06-21,42420
2014-06-22,42460
2014-06-23,33158
2014-06-24,30641
2014-06-25,28821
2014-06-26,29356
2014-06-27,34078
2014-06-28,39930
2014-06-29,40211
2014-06-30,33449
2014-07-01,37739
2014-07-02,37869
2014-07-03,47028
2014-07-04,38593
2014-07-05,40782
2014-07-06,45490
2014-07-07,37635
2014-07-08,36448
2014-07-09,37214
2014-07-10,35179
2014-07-11,40253
2014-07-12,47696
2014-07-13,43675
2014-07-14,36281
2014-07-15,35815
2014-07-16,33011
2014-07-17,32430
2014-07-18,36449
2014-07-19,42480
2014-07-20,42689
2014-07-21,33451
2014-07-22,31512
2014-07-23,30939
2014-07-24,30525
2014-07-25,33848
2014-07-26,39008
2014-07-27,42214
2014-07-28,32632
2014-07-29,30705
2014-07-30,30334
2014-07-31,31840
2014-08-01,43129
2014-08-02,47011
2014-08-03,47572
2014-08-04,35799
2014-08-05,36238
2014-08-06,34547
2014-08-07,34577
2014-08-08,38980
2014-08-09,45258
2014-08-10,43249
2014-08-11,36122
2014-08-12,36672
2014-08-13,34419
2014-08-14,34536
2014-08-15,38258
2014-08-16,44555
2014-08-17,46673
2014-08-18,35379
2014-08-19,31959
2014-08-20,31847
2014-08-21,32399
2014-08-22,37116
2014-08-23,44673
2014-08-24,47443
2014-08-25,34667
2014-08-26,31402
2014-08-27,29506
2014-08-28,29976
2014-08-29,37693
2014-08-30,43237
2014-08-31,39210
2014-09-01,43256
2014-09-02,34299
2014-09-03,37397
2014-09-04,31483
2014-09-05,35966
2014-09-06,46017
2014-09-07,45953
2014-09-08,35580
2014-09-09,34167
2014-09-10,31792
2014-09-11,34480
2014-09-12,38359
2014-09-13,47579
2014-09-14,45747
2014-09-15,36559
2014-09-16,31037
2014-09-17,29831
2014-09-18,28861
2014-09-19,34832
2014-09-20,43032
2014-09-21,44402
2014-09-22,31510
2014-09-23,29410
2014-09-24,29001
2014-09-25,29511
2014-09-26,33127
2014-09-27,40839
2014-09-28,42924
2014-09-29,31473
2014-09-30,29990
2014-10-01,34602
2014-10-02,34249
2014-10-03,41836
2014-10-04,47199
2014-10-05,48361
2014-10-06,37719
2014-10-07,33151
2014-10-08,33185
2014-10-09,33738
2014-10-10,35001
2014-10-11,44561
2014-10-12,46735
2014-10-13,33557
2014-10-14,32451
2014-10-15,34193
2014-10-16,29936
2014-10-17,33430
2014-10-18,43755
2014-10-19,43456
2014-10-20,32233
2014-10-21,29367
2014-10-22,27926
2014-10-23,28506
2014-10-24,32790
2014-10-25,40753
2014-10-26,40197
2014-10-27,31203
2014-10-28,28340
2014-10-29,27563
2014-10-30,30235
2014-10-31,32850
2014-11-01,44249
2014-11-02,46072
2014-11-03,38564
2014-11-04,31952
2014-11-05,30832
2014-11-06,33223
2014-11-07,34763
2014-11-08,44270
2014-11-09,47415
2014-11-10,34449
2014-11-11,32588
2014-11-12,30490
2014-11-13,28711
2014-11-14,34739
2014-11-15,44383
2014-11-16,43516
2014-11-17,31811
2014-11-18,28014
2014-11-19,28047
2014-11-20,28247
2014-11-21,32863
2014-11-22,42402
2014-11-23,40630
2014-11-24,31598
2014-11-25,31888
2014-11-26,36903
2014-11-27,21844
2014-11-28,26354
2014-11-29,34456
2014-11-30,35805
2014-12-01,34305
2014-12-02,30569
2014-12-03,32605
2014-12-04,31516
2014-12-05,36963
2014-12-06,43815
2014-12-07,42527
2014-12-08,33114
2014-12-09,32667
2014-12-10,31898
2014-12-11,26115
2014-12-12,33502
2014-12-13,40036
2014-12-14,42006
2014-12-15,34127
2014-12-16,29936
2014-12-17,30152
2014-12-18,32367
2014-12-19,29834
2014-12-20,38421
2014-12-21,38488
2014-12-22,33736
2014-12-23,34862
2014-12-24,29617
2014-12-25,20
2014-12-26,32909
2014-12-27,32594
2014-12-28,31894
2014-12-29,29990
2014-12-30,29417
2014-12-31,33450
2015-01-01,26452
2015-01-02,39633
2015-01-03,41085
2015-01-04,39647
2015-01-05,34691
2015-01-06,32682
2015-01-07,29165
2015-01-08,29029
2015-01-09,34385
2015-01-10,43946
2015-01-11,45066
2015-01-12,35574
2015-01-13,30324
2015-01-14,31059
2015-01-15,33063
2015-01-16,34889
2015-01-17,45169
2015-01-18,40724
2015-01-19,34412
2015-01-20,28363
2015-01-21,28109
2015-01-22,25795
2015-01-23,32221
2015-01-24,42181
2015-01-25,42623
2015-01-26,30358
2015-01-27,27873
2015-01-28,28104
2015-01-29,28225
2015-01-30,37440
2015-01-31,50828
2015-02-01,40385
2015-02-02,35006
2015-02-03,37405
2015-02-04,33992
2015-02-05,34647
2015-02-06,36809
2015-02-07,50836
2015-02-08,49719
2015-02-09,39170
2015-02-10,35464
2015-02-11,35701
2015-02-12,38570
2015-02-13,36936
2015-02-14,41614
2015-02-15,44007
2015-02-16,37147
2015-02-17,30697
2015-02-18,28505
2015-02-19,28808
2015-02-20,33119
2015-02-21,42109
2015-02-22,43759
2015-02-23,31522
2015-02-24,29780
2015-02-25,29227
2015-02-26,29223
2015-02-27,33566
2015-02-28,44154
2015-03-01,45186
2015-03-02,35398
2015-03-03,34387
2015-03-04,31774
2015-03-05,32819
2015-03-06,35937
2015-03-07,44229
2015-03-08,47379
2015-03-09,36020
2015-03-10,33597
2015-03-11,32891
2015-03-12,34391
2015-03-13,36623
2015-03-14,44471
2015-03-15,48827
2015-03-16,35495
2015-03-17,31412
2015-03-18,29947
2015-03-19,29369
2015-03-20,32999
2015-03-21,41982
2015-03-22,44014
2015-03-23,32338
2015-03-24,26841
2015-03-25,31995
2015-03-26,29902
2015-03-27,32535
2015-03-28,41531
2015-03-29,42583
2015-03-30,31899
2015-03-31,30956
2015-04-01,35060
2015-04-02,33817
2015-04-03,44108
2015-04-04,48419
2015-04-05,41636
2015-04-06,36215
2015-04-07,33911
2015-04-08,34149
2015-04-09,34437
2015-04-10,36853
2015-04-11,45272
2015-04-12,47180
2015-04-13,34494
2015-04-14,33597
2015-04-15,34690
2015-04-16,31431
2015-04-17,33059
2015-04-18,42516
2015-04-19,44359
2015-04-20,33118
2015-04-21,30227
2015-04-22,30382
2015-04-23,30658
2015-04-24,34423
2015-04-25,43598
2015-04-26,43406
2015-04-27,33444
2015-04-28,29750
2015-04-29,28667
2015-04-30,30553
2015-05-01,40976
2015-05-02,47052
2015-05-03,49102
2015-05-04,38169
2015-05-05,35089
2015-05-06,35296
2015-05-07,33321
2015-05-08,37424
2015-05-09,47269
2015-05-10,38030
2015-05-11,37192
2015-05-12,35033
2015-05-13,33685
2015-05-14,32054
2015-05-15,37764
2015-05-16,44336
2015-05-17,44493
2015-05-18,34296
2015-05-19,30671
2015-05-20,31158
2015-05-21,30601
2015-05-22,36267
2015-05-23,39975
2015-05-24,37426
2015-05-25,37817
2015-05-26,30879
2015-05-27,30097
2015-05-28,30216
2015-05-29,32925
2015-05-30,40938
2015-05-31,43463
2015-06-01,38654
2015-06-02,37424
2015-06-03,37990
2015-06-04,34922
2015-06-05,39889
2015-06-06,47507
2015-06-07,48426
2015-06-08,39922
2015-06-09,38184
2015-06-10,35176
2015-06-11,35585
2015-06-12,40282
2015-06-13,44853
2015-06-14,48981
2015-06-15,47580
2015-06-16,31698
2015-06-17,31478
2015-06-18,34425
2015-06-19,37829
2015-06-20,44255
2015-06-21,41413
2015-06-22,34846
2015-06-23,33071
2015-06-24,31622
2015-06-25,32376
2015-06-26,35945
2015-06-27,42213
2015-06-28,42946
2015-06-29,33928
2015-06-30,32179
2015-07-01,38077
2015-07-02,41844
2015-07-03,54154
2015-07-04,37489
2015-07-05,43532
2015-07-06,41538
2015-07-07,37355
2015-07-08,36049
2015-07-09,38210
2015-07-10,39895
2015-07-11,47405
2015-07-12,49594
2015-07-13,39058
2015-07-14,36831
2015-07-15,38095
2015-07-16,37478
2015-07-17,41847
2015-07-18,45660
2015-07-19,47784
2015-07-20,37547
2015-07-21,34138
2015-07-22,33376
2015-07-23,34195
2015-07-24,38441
2015-07-25,42624
2015-07-26,44192
2015-07-27,36126
2015-07-28,32955
2015-07-29,31593
2015-07-30,33587
2015-07-31,41478
2015-08-01,49150
2015-08-02,51541
2015-08-03,45257
2015-08-04,37658
2015-08-05,38279
2015-08-06,37798
2015-08-07,40137
2015-08-08,48104
2015-08-09,51961
2015-08-10,38324
2015-08-11,36449
2015-08-12,37351
2015-08-13,36055
2015-08-14,40762
2015-08-15,48436
2015-08-16,50540
2015-08-17,39112
2015-08-18,35245
2015-08-19,33707
2015-08-20,32516
2015-08-21,36963
2015-08-22,45080
2015-08-23,47596
2015-08-24,35093
2015-08-25,31295
2015-08-26,31967
2015-08-27,32076
2015-08-28,36251
2015-08-29,45236
2015-08-30,48517
2015-08-31,35885
2015-09-01,37955
2015-09-02,36590
2015-09-03,39619
2015-09-04,39270
2015-09-05,47487
2015-09-06,45248
2015-09-07,45762
2015-09-08,36169
2015-09-09,38102
2015-09-10,35693
2015-09-11,40286
2015-09-12,50103
2015-09-13,51340
2015-09-14,38071
2015-09-15,37425
2015-09-16,33645
2015-09-17,33998
2015-09-18,38689
2015-09-19,48279
2015-09-20,49979
2015-09-21,36145
2015-09-22,33518
2015-09-23,33497
2015-09-24,32967
2015-09-25,38680
2015-09-26,46636
2015-09-27,47613
2015-09-28,34262
2015-09-29,30615
2015-09-30,31270
2015-10-01,37677
2015-10-02,44376
2015-10-03,54687
2015-10-04,52895
2015-10-05,42474
2015-10-06,38855
2015-10-07,35887
2015-10-08,37819
2015-10-09,43595
2015-10-10,48787
2015-10-11,49704
2015-10-12,42240
2015-10-13,35681
2015-10-14,34248
2015-10-15,36353
2015-10-16,38422
2015-10-17,47813
2015-10-18,48964
2015-10-19,35302
2015-10-20,33104
2015-10-21,32411
2015-10-22,32770
2015-10-23,38021
2015-10-24,45006
2015-10-25,46179
2015-10-26,35092
2015-10-27,32319
2015-10-28,31267
2015-10-29,33232
2015-10-30,40514
2015-10-31,42743
2015-11-01,46994
2015-11-02,36457
2015-11-03,37997
2015-11-04,32102
2015-11-05,34675
2015-11-06,39621
2015-11-07,47341
2015-11-08,48411
2015-11-09,36915
2015-11-10,33374
2015-11-11,33338
2015-11-12,33242
2015-11-13,36195
2015-11-14,47342
2015-11-15,49755
2015-11-16,35735
2015-11-17,29174
2015-11-18,32160
2015-11-19,32365
2015-11-20,38357
2015-11-21,42793
2015-11-22,44925
2015-11-23,35140
2015-11-24,34222
2015-11-25,40124
2015-11-26,23631
2015-11-27,27581
2015-11-28,34212
2015-11-29,37782
2015-11-30,32016
2015-12-01,34818
2015-12-02,33732
2015-12-03,38029
2015-12-04,38187
2015-12-05,47025
2015-12-06,48415
2015-12-07,35408
2015-12-08,32913
2015-12-09,33690
2015-12-10,32159
2015-12-11,36343
2015-12-12,45975
2015-12-13,45133
2015-12-14,37522
2015-12-15,36130
2015-12-16,34123
2015-12-17,35454
2015-12-18,34756
2015-12-19,43488
2015-12-20,43011
2015-12-21,35522
2015-12-22,36612
2015-12-23,38752
2015-12-24,36227
2015-12-25,14
2015-12-26,38377
2015-12-27,35378
2015-12-28,29964
2015-12-29,31893
2015-12-30,34127
2015-12-31,43059
2016-01-01,32651
2016-01-02,44737
2016-01-03,44340
2016-01-04,36693
2016-01-05,35306
2016-01-06,32685
2016-01-07,35944
2016-01-08,38936
2016-01-09,52880
2016-01-10,47369
2016-01-11,37986
2016-01-12,35122
2016-01-13,32231
2016-01-14,35856
2016-01-15,41790
2016-01-16,51146
2016-01-17,45533
2016-01-18,38340
2016-01-19,31988
2016-01-20,32684
2016-01-21,31779
2016-01-22,36307
2016-01-23,48927
2016-01-24,47832
2016-01-25,34389
2016-01-26,30446
2016-01-27,31349
2016-01-28,32466
2016-01-29,37639
2016-01-30,49104
2016-01-31,50831
2016-02-01,41714
2016-02-02,34928
2016-02-03,39340
2016-02-04,35424
2016-02-05,40193
2016-02-06,55040
2016-02-07,46893
2016-02-08,36804
2016-02-09,38513
2016-02-10,39353
2016-02-11,44584
2016-02-12,44222
2016-02-13,53715
2016-02-14,48337
2016-02-15,46152
2016-02-16,37702
2016-02-17,36545
2016-02-18,36436
2016-02-19,40392
2016-02-20,50857
2016-02-21,52081
2016-02-22,37328
2016-02-23,33981
2016-02-24,34068
2016-02-25,34615
2016-02-26,37649
2016-02-27,47887
2016-02-28,50915
2016-02-29,37259
2016-03-01,36536
2016-03-02,38458
2016-03-03,41459
2016-03-04,39325
2016-03-05,52322
2016-03-06,57218
2016-03-07,40562
2016-03-08,37727
2016-03-09,37032
2016-03-10,38267
2016-03-11,40887
2016-03-12,52711
2016-03-13,51421
2016-03-14,42035
2016-03-15,40117
2016-03-16,36606
2016-03-17,35009
2016-03-18,39652
2016-03-19,46181
2016-03-20,47825
2016-03-21,37360
2016-03-22,35475
2016-03-23,34786
2016-03-24,34003
2016-03-25,45611
2016-03-26,53863
2016-03-27,46360
2016-03-28,36041
2016-03-29,33857
2016-03-30,32359
2016-03-31,34681
2016-04-01,45536
2016-04-02,52672
2016-04-03,56425
2016-04-04,40418
2016-04-05,39683
2016-04-06,39134
2016-04-07,38116
2016-04-08,43220
2016-04-09,56340
2016-04-10,53856
2016-04-11,42427
2016-04-12,39069
2016-04-13,35193
2016-04-14,37529
2016-04-15,41789
2016-04-16,48362
2016-04-17,51640
2016-04-18,38059
2016-04-19,37570
2016-04-20,35343
2016-04-21,35033
2016-04-22,40517
2016-04-23,48962
2016-04-24,49795
